,datadate,sentiment
0,20000103,0.0
1,20000104,0.0
2,20000105,0.0
3,20000106,0.0
4,20000107,0.0
5,20000110,0.0
6,20000111,0.0
7,20000112,0.0
8,20000113,0.0
9,20000114,0.0
10,20000118,0.0
11,20000119,0.0
12,20000120,0.0
13,20000121,0.0
14,20000124,0.0
15,20000125,0.0
16,20000126,0.0
17,20000127,0.0
18,20000128,0.0
19,20000131,0.0
20,20000201,0.0
21,20000202,0.0
22,20000203,0.0
23,20000204,0.0
24,20000207,0.0
25,20000208,0.0
26,20000209,0.0
27,20000210,0.0
28,20000211,0.0
29,20000214,0.0
30,20000215,0.0
31,20000216,0.0
32,20000217,0.0
33,20000218,0.0
34,20000222,0.0
35,20000223,0.0
36,20000224,0.0
37,20000225,0.0
38,20000228,0.0
39,20000229,0.0
40,20000301,0.0
41,20000302,0.0
42,20000303,0.0
43,20000306,0.0
44,20000307,0.0
45,20000308,0.0
46,20000309,0.0
47,20000310,0.0
48,20000313,0.0
49,20000314,0.0
50,20000315,0.0
51,20000316,0.0
52,20000317,0.0
53,20000320,0.0
54,20000321,0.0
55,20000322,0.0
56,20000323,0.0
57,20000324,0.0
58,20000327,0.0
59,20000328,0.0
60,20000329,0.0
61,20000330,0.0
62,20000331,0.0
63,20000403,0.0
64,20000404,0.0
65,20000405,0.0
66,20000406,0.0
67,20000407,0.0
68,20000410,0.0
69,20000411,0.0
70,20000412,0.0
71,20000413,0.0
72,20000414,0.0
73,20000417,0.0
74,20000418,0.0
75,20000419,0.0
76,20000420,0.0
77,20000424,0.0
78,20000425,0.0
79,20000426,0.0
80,20000427,0.0
81,20000428,0.0
82,20000501,0.0
83,20000502,0.0
84,20000503,0.0
85,20000504,0.0
86,20000505,0.0
87,20000508,0.0
88,20000509,0.0
89,20000510,0.0
90,20000511,0.0
91,20000512,0.0
92,20000515,0.0
93,20000516,0.0
94,20000517,0.0
95,20000518,0.0
96,20000519,0.0
97,20000522,0.0
98,20000523,0.0
99,20000524,0.0
100,20000525,0.0
101,20000526,0.0
102,20000530,0.0
103,20000531,0.0
104,20000601,0.0
105,20000602,0.0
106,20000605,0.0
107,20000606,0.0
108,20000607,0.0
109,20000608,0.0
110,20000609,0.0
111,20000612,0.0
112,20000613,0.0
113,20000614,0.0
114,20000615,0.0
115,20000616,0.0
116,20000619,0.0
117,20000620,0.0
118,20000621,0.0
119,20000622,0.0
120,20000623,0.0
121,20000626,0.0
122,20000627,0.0
123,20000628,0.0
124,20000629,0.0
125,20000630,0.0
126,20000703,0.0
127,20000705,0.0
128,20000706,0.0
129,20000707,0.0
130,20000710,0.0
131,20000711,0.0
132,20000712,0.0
133,20000713,0.0
134,20000714,0.0
135,20000717,0.0
136,20000718,0.0
137,20000719,0.0
138,20000720,0.0
139,20000721,0.0
140,20000724,0.0
141,20000725,0.0
142,20000726,0.0
143,20000727,0.0
144,20000728,0.0
145,20000731,0.0
146,20000801,0.0
147,20000802,0.0
148,20000803,0.0
149,20000804,0.0
150,20000807,0.0
151,20000808,0.0
152,20000809,0.0
153,20000810,0.0
154,20000811,0.0
155,20000814,0.0
156,20000815,0.0
157,20000816,0.0
158,20000817,0.0
159,20000818,0.0
160,20000821,0.0
161,20000822,0.0
162,20000823,0.0
163,20000824,0.0
164,20000825,0.0
165,20000828,0.0
166,20000829,0.0
167,20000830,0.0
168,20000831,0.0
169,20000901,0.0
170,20000905,0.0
171,20000906,0.0
172,20000907,0.0
173,20000908,0.0
174,20000911,0.0
175,20000912,0.0
176,20000913,0.0
177,20000914,0.0
178,20000915,0.0
179,20000918,0.0
180,20000919,0.0
181,20000920,0.0
182,20000921,0.0
183,20000922,0.0
184,20000925,0.0
185,20000926,0.0
186,20000927,0.0
187,20000928,0.0
188,20000929,0.0
189,20001002,0.0
190,20001003,0.0
191,20001004,0.0
192,20001005,0.0
193,20001006,0.0
194,20001009,0.0
195,20001010,0.0
196,20001011,0.0
197,20001012,0.0
198,20001013,0.0
199,20001016,0.0
200,20001017,0.0
201,20001018,0.0
202,20001019,0.0
203,20001020,0.0
204,20001023,0.0
205,20001024,0.0
206,20001025,0.0
207,20001026,0.0
208,20001027,0.0
209,20001030,0.0
210,20001031,0.0
211,20001101,0.0
212,20001102,0.0
213,20001103,0.0
214,20001106,0.0
215,20001107,0.0
216,20001108,0.0
217,20001109,0.0
218,20001110,0.0
219,20001113,0.0
220,20001114,0.0
221,20001115,0.0
222,20001116,0.0
223,20001117,0.0
224,20001120,0.0
225,20001121,0.0
226,20001122,0.0
227,20001124,0.0
228,20001127,0.0
229,20001128,0.0
230,20001129,0.0
231,20001130,0.0
232,20001201,0.0
233,20001204,0.0
234,20001205,0.0
235,20001206,0.0
236,20001207,0.0
237,20001208,0.0
238,20001211,0.0
239,20001212,0.0
240,20001213,0.0
241,20001214,0.0
242,20001215,0.0
243,20001218,0.0
244,20001219,0.0
245,20001220,0.0
246,20001221,0.0
247,20001222,0.0
248,20001226,0.0
249,20001227,0.0
250,20001228,0.0
251,20001229,0.0
252,20010102,0.0
253,20010103,0.0
254,20010104,0.0
255,20010105,0.0
256,20010108,0.0
257,20010109,0.0
258,20010110,0.0
259,20010111,0.0
260,20010112,0.0
261,20010116,0.0
262,20010117,0.0
263,20010118,0.0
264,20010119,0.0
265,20010122,0.0
266,20010123,0.0
267,20010124,0.0
268,20010125,0.0
269,20010126,0.0
270,20010129,0.0
271,20010130,0.0
272,20010131,0.0
273,20010201,0.0
274,20010202,0.0
275,20010205,0.0
276,20010206,0.0
277,20010207,0.0
278,20010208,0.0
279,20010209,0.0
280,20010212,0.0
281,20010213,0.0
282,20010214,0.0
283,20010215,0.0
284,20010216,0.0
285,20010220,0.0
286,20010221,0.0
287,20010222,0.0
288,20010223,0.0
289,20010226,0.0
290,20010227,0.0
291,20010228,0.0
292,20010301,0.0
293,20010302,0.0
294,20010305,0.0
295,20010306,0.0
296,20010307,0.0
297,20010308,0.0
298,20010309,0.0
299,20010312,0.0
300,20010313,0.0
301,20010314,0.0
302,20010315,0.0
303,20010316,0.0
304,20010319,0.0
305,20010320,0.0
306,20010321,0.0
307,20010322,0.0
308,20010323,0.0
309,20010326,0.0
310,20010327,0.0
311,20010328,0.0
312,20010329,0.0
313,20010330,0.0
314,20010402,0.0
315,20010403,0.0
316,20010404,0.0
317,20010405,0.0
318,20010406,0.0
319,20010409,0.0
320,20010410,0.0
321,20010411,0.0
322,20010412,0.0
323,20010416,0.0
324,20010417,0.0
325,20010418,0.0
326,20010419,0.0
327,20010420,0.0
328,20010423,0.0
329,20010424,0.0
330,20010425,0.0
331,20010426,0.0
332,20010427,0.0
333,20010430,0.0
334,20010501,0.0
335,20010502,0.0
336,20010503,0.0
337,20010504,0.0
338,20010507,0.0
339,20010508,0.0
340,20010509,0.0
341,20010510,0.0
342,20010511,0.0
343,20010514,0.0
344,20010515,0.0
345,20010516,0.0
346,20010517,0.0
347,20010518,0.0
348,20010521,0.0
349,20010522,0.0
350,20010523,0.0
351,20010524,0.0
352,20010525,0.0
353,20010529,0.0
354,20010530,0.0
355,20010531,0.0
356,20010601,0.0
357,20010604,0.0
358,20010605,0.0
359,20010606,0.0
360,20010607,0.0
361,20010608,0.0
362,20010611,0.0
363,20010612,0.0
364,20010613,0.0
365,20010614,0.0
366,20010615,0.0
367,20010618,0.0
368,20010619,0.0
369,20010620,0.0
370,20010621,0.0
371,20010622,0.0
372,20010625,0.0
373,20010626,0.0
374,20010627,0.0
375,20010628,0.0
376,20010629,0.0
377,20010702,0.0
378,20010703,0.0
379,20010705,0.0
380,20010706,0.0
381,20010709,0.0
382,20010710,0.0
383,20010711,0.0
384,20010712,0.0
385,20010713,0.0
386,20010716,0.0
387,20010717,0.0
388,20010718,0.0
389,20010719,0.0
390,20010720,0.0
391,20010723,0.0
392,20010724,0.0
393,20010725,0.0
394,20010726,0.0
395,20010727,0.0
396,20010730,0.0
397,20010731,0.0
398,20010801,0.0
399,20010802,0.0
400,20010803,0.0
401,20010806,0.0
402,20010807,0.0
403,20010808,0.0
404,20010809,0.0
405,20010810,0.0
406,20010813,0.0
407,20010814,0.0
408,20010815,0.0
409,20010816,0.0
410,20010817,0.0
411,20010820,0.0
412,20010821,0.0
413,20010822,0.0
414,20010823,0.0
415,20010824,0.0
416,20010827,0.0
417,20010828,0.0
418,20010829,0.0
419,20010830,0.0
420,20010831,0.0
421,20010904,0.0
422,20010905,0.0
423,20010906,0.0
424,20010907,0.0
425,20010910,0.0
426,20010917,0.0
427,20010918,0.0
428,20010919,0.0
429,20010920,0.0
430,20010921,0.0
431,20010924,0.0
432,20010925,0.0
433,20010926,0.0
434,20010927,0.0
435,20010928,0.0
436,20011001,0.0
437,20011002,0.0
438,20011003,0.0
439,20011004,0.0
440,20011005,0.0
441,20011008,0.0
442,20011009,0.0
443,20011010,0.0
444,20011011,0.0
445,20011012,0.0
446,20011015,0.0
447,20011016,0.0
448,20011017,0.0
449,20011018,0.0
450,20011019,0.0
451,20011022,0.0
452,20011023,0.0
453,20011024,0.0
454,20011025,0.0
455,20011026,0.0
456,20011029,0.0
457,20011030,0.0
458,20011031,0.0
459,20011101,0.0
460,20011102,0.0
461,20011105,0.0
462,20011106,0.0
463,20011107,0.0
464,20011108,0.0
465,20011109,0.0
466,20011112,0.0
467,20011113,0.0
468,20011114,0.0
469,20011115,0.0
470,20011116,0.0
471,20011119,0.0
472,20011120,0.0
473,20011121,0.0
474,20011123,0.0
475,20011126,0.0
476,20011127,0.0
477,20011128,0.0
478,20011129,0.0
479,20011130,0.0
480,20011203,0.0
481,20011204,0.0
482,20011205,0.0
483,20011206,0.0
484,20011207,0.0
485,20011210,0.0
486,20011211,0.0
487,20011212,0.0
488,20011213,0.0
489,20011214,0.0
490,20011217,0.0
491,20011218,0.0
492,20011219,0.0
493,20011220,0.0
494,20011221,0.0
495,20011224,0.0
496,20011226,0.0
497,20011227,0.0
498,20011228,0.0
499,20011231,0.0
500,20020102,0.0
501,20020103,0.0
502,20020104,0.0
503,20020107,0.0
504,20020108,0.0
505,20020109,0.0
506,20020110,0.0
507,20020111,0.0
508,20020114,0.0
509,20020115,0.0
510,20020116,0.0
511,20020117,0.0
512,20020118,0.0
513,20020122,0.0
514,20020123,0.0
515,20020124,0.0
516,20020125,0.0
517,20020128,0.0
518,20020129,0.0
519,20020130,0.0
520,20020131,0.0
521,20020201,0.0
522,20020204,0.0
523,20020205,0.0
524,20020206,0.0
525,20020207,0.0
526,20020208,0.0
527,20020211,0.0
528,20020212,0.0
529,20020213,0.0
530,20020214,0.0
531,20020215,0.0
532,20020219,0.0
533,20020220,0.0
534,20020221,0.0
535,20020222,0.0
536,20020225,0.0
537,20020226,0.0
538,20020227,0.0
539,20020228,0.0
540,20020301,0.0
541,20020304,0.0
542,20020305,0.0
543,20020306,0.0
544,20020307,0.0
545,20020308,0.0
546,20020311,0.0
547,20020312,0.0
548,20020313,0.0
549,20020314,0.0
550,20020315,0.0
551,20020318,0.0
552,20020319,0.0
553,20020320,0.0
554,20020321,0.0
555,20020322,0.0
556,20020325,0.0
557,20020326,0.0
558,20020327,0.0
559,20020328,0.0
560,20020401,0.0
561,20020402,0.0
562,20020403,0.0
563,20020404,0.0
564,20020405,0.0
565,20020408,0.0
566,20020409,0.0
567,20020410,0.0
568,20020411,0.0
569,20020412,0.0
570,20020415,0.0
571,20020416,0.0
572,20020417,0.0
573,20020418,0.0
574,20020419,0.0
575,20020422,0.0
576,20020423,0.0
577,20020424,0.0
578,20020425,0.0
579,20020426,0.0
580,20020429,0.0
581,20020430,0.0
582,20020501,0.0
583,20020502,0.0
584,20020503,0.0
585,20020506,0.0
586,20020507,0.0
587,20020508,0.0
588,20020509,0.0
589,20020510,0.0
590,20020513,0.0
591,20020514,0.0
592,20020515,0.0
593,20020516,0.0
594,20020517,0.0
595,20020520,0.0
596,20020521,0.0
597,20020522,0.0
598,20020523,0.0
599,20020524,0.0
600,20020528,0.0
601,20020529,0.0
602,20020530,0.0
603,20020531,0.0
604,20020603,0.0
605,20020604,0.0
606,20020605,0.0
607,20020606,0.0
608,20020607,0.0
609,20020610,0.0
610,20020611,0.0
611,20020612,0.0
612,20020613,0.0
613,20020614,0.0
614,20020617,0.0
615,20020618,0.0
616,20020619,0.0
617,20020620,0.0
618,20020621,0.0
619,20020624,0.0
620,20020625,0.0
621,20020626,0.0
622,20020627,0.0
623,20020628,0.0
624,20020701,0.0
625,20020702,0.0
626,20020703,0.0
627,20020705,0.0
628,20020708,0.0
629,20020709,0.0
630,20020710,0.0
631,20020711,0.0
632,20020712,0.0
633,20020715,0.0
634,20020716,0.0
635,20020717,0.0
636,20020718,0.0
637,20020719,0.0
638,20020722,0.0
639,20020723,0.0
640,20020724,0.0
641,20020725,0.0
642,20020726,0.0
643,20020729,0.0
644,20020730,0.0
645,20020731,0.0
646,20020801,0.0
647,20020802,0.0
648,20020805,0.0
649,20020806,0.0
650,20020807,0.0
651,20020808,0.0
652,20020809,0.0
653,20020812,0.0
654,20020813,0.0
655,20020814,0.0
656,20020815,0.0
657,20020816,0.0
658,20020819,0.0
659,20020820,0.0
660,20020821,0.0
661,20020822,0.0
662,20020823,0.0
663,20020826,0.0
664,20020827,0.0
665,20020828,0.0
666,20020829,0.0
667,20020830,0.0
668,20020903,0.0
669,20020904,0.0
670,20020905,0.0
671,20020906,0.0
672,20020909,0.0
673,20020910,0.0
674,20020911,0.0
675,20020912,0.0
676,20020913,0.0
677,20020916,0.0
678,20020917,0.0
679,20020918,0.0
680,20020919,0.0
681,20020920,0.0
682,20020923,0.0
683,20020924,0.0
684,20020925,0.0
685,20020926,0.0
686,20020927,0.0
687,20020930,0.0
688,20021001,0.0
689,20021002,0.0
690,20021003,0.0
691,20021004,0.0
692,20021007,0.0
693,20021008,0.0
694,20021009,0.0
695,20021010,0.0
696,20021011,0.0
697,20021014,0.0
698,20021015,0.0
699,20021016,0.0
700,20021017,0.0
701,20021018,0.0
702,20021021,0.0
703,20021022,0.0
704,20021023,0.0
705,20021024,0.0
706,20021025,0.0
707,20021028,0.0
708,20021029,0.0
709,20021030,0.0
710,20021031,0.0
711,20021101,0.0
712,20021104,0.0
713,20021105,0.0
714,20021106,0.0
715,20021107,0.0
716,20021108,0.0
717,20021111,0.0
718,20021112,0.0
719,20021113,0.0
720,20021114,0.0
721,20021115,0.0
722,20021118,0.0
723,20021119,0.0
724,20021120,0.0
725,20021121,0.0
726,20021122,0.0
727,20021125,0.0
728,20021126,0.0
729,20021127,0.0
730,20021129,0.0
731,20021202,0.0
732,20021203,0.0
733,20021204,0.0
734,20021205,0.0
735,20021206,0.0
736,20021209,0.0
737,20021210,0.0
738,20021211,0.0
739,20021212,0.0
740,20021213,0.0
741,20021216,0.0
742,20021217,0.0
743,20021218,0.0
744,20021219,0.0
745,20021220,0.0
746,20021223,0.0
747,20021224,0.0
748,20021226,0.0
749,20021227,0.0
750,20021230,0.0
751,20021231,0.0
752,20030102,0.0
753,20030103,0.0
754,20030106,0.0
755,20030107,0.0
756,20030108,0.0
757,20030109,0.0
758,20030110,0.0
759,20030113,0.0
760,20030114,0.0
761,20030115,0.0
762,20030116,0.0
763,20030117,0.0
764,20030121,0.0
765,20030122,0.0
766,20030123,0.0
767,20030124,0.0
768,20030127,0.0
769,20030128,0.0
770,20030129,0.0
771,20030130,0.0
772,20030131,0.0
773,20030203,0.0
774,20030204,0.0
775,20030205,0.0
776,20030206,0.0
777,20030207,0.0
778,20030210,0.0
779,20030211,0.0
780,20030212,0.0
781,20030213,0.0
782,20030214,0.0
783,20030218,0.0
784,20030219,0.0
785,20030220,0.0
786,20030221,0.0
787,20030224,0.0
788,20030225,0.0
789,20030226,0.0
790,20030227,0.0
791,20030228,0.0
792,20030303,0.0
793,20030304,0.0
794,20030305,0.0
795,20030306,0.0
796,20030307,0.0
797,20030310,0.0
798,20030311,0.0
799,20030312,0.0
800,20030313,0.0
801,20030314,0.0
802,20030317,0.0
803,20030318,0.0
804,20030319,0.0
805,20030320,0.0
806,20030321,0.0
807,20030324,0.0
808,20030325,0.0
809,20030326,0.0
810,20030327,0.0
811,20030328,0.0
812,20030331,0.0
813,20030401,0.0
814,20030402,0.0
815,20030403,0.0
816,20030404,0.0
817,20030407,0.0
818,20030408,0.0
819,20030409,0.0
820,20030410,0.0
821,20030411,0.0
822,20030414,0.0
823,20030415,0.0
824,20030416,0.0
825,20030417,0.0
826,20030421,0.0
827,20030422,0.0
828,20030423,0.0
829,20030424,0.0
830,20030425,0.0
831,20030428,0.0
832,20030429,0.0
833,20030430,0.0
834,20030501,0.0
835,20030502,0.0
836,20030505,0.0
837,20030506,0.0
838,20030507,0.0
839,20030508,0.0
840,20030509,0.0
841,20030512,0.0
842,20030513,0.0
843,20030514,0.0
844,20030515,0.0
845,20030516,0.0
846,20030519,0.0
847,20030520,0.0
848,20030521,0.0
849,20030522,0.0
850,20030523,0.0
851,20030527,0.0
852,20030528,0.0
853,20030529,0.0
854,20030530,0.0
855,20030602,0.0
856,20030603,0.0
857,20030604,0.0
858,20030605,0.0
859,20030606,0.0
860,20030609,0.0
861,20030610,0.0
862,20030611,0.0
863,20030612,0.0
864,20030613,0.0
865,20030616,0.0
866,20030617,0.0
867,20030618,0.0
868,20030619,0.0
869,20030620,0.0
870,20030623,0.0
871,20030624,0.0
872,20030625,0.0
873,20030626,0.0
874,20030627,0.0
875,20030630,0.0
876,20030701,0.0
877,20030702,0.0
878,20030703,0.0
879,20030707,0.0
880,20030708,0.0
881,20030709,0.0
882,20030710,0.0
883,20030711,0.0
884,20030714,0.0
885,20030715,0.0
886,20030716,0.0
887,20030717,0.0
888,20030718,0.0
889,20030721,0.0
890,20030722,0.0
891,20030723,0.0
892,20030724,0.0
893,20030725,0.0
894,20030728,0.0
895,20030729,0.0
896,20030730,0.0
897,20030731,0.0
898,20030801,0.0
899,20030804,0.0
900,20030805,0.0
901,20030806,0.0
902,20030807,0.0
903,20030808,0.0
904,20030811,0.0
905,20030812,0.0
906,20030813,0.0
907,20030814,0.0
908,20030815,0.0
909,20030818,0.0
910,20030819,0.0
911,20030820,0.0
912,20030821,0.0
913,20030822,0.0
914,20030825,0.0
915,20030826,0.0
916,20030827,0.0
917,20030828,0.0
918,20030829,0.0
919,20030902,0.0
920,20030903,0.0
921,20030904,0.0
922,20030905,0.0
923,20030908,0.0
924,20030909,0.0
925,20030910,0.0
926,20030911,0.0
927,20030912,0.0
928,20030915,0.0
929,20030916,0.0
930,20030917,0.0
931,20030918,0.0
932,20030919,0.0
933,20030922,0.0
934,20030923,0.0
935,20030924,0.0
936,20030925,0.0
937,20030926,0.0
938,20030929,0.0
939,20030930,0.0
940,20031001,0.0
941,20031002,0.0
942,20031003,0.0
943,20031006,0.0
944,20031007,0.0
945,20031008,0.0
946,20031009,0.0
947,20031010,0.0
948,20031013,0.0
949,20031014,0.0
950,20031015,0.0
951,20031016,0.0
952,20031017,0.0
953,20031020,0.0
954,20031021,0.0
955,20031022,0.0
956,20031023,0.0
957,20031024,0.0
958,20031027,0.0
959,20031028,0.0
960,20031029,0.0
961,20031030,0.0
962,20031031,0.0
963,20031103,0.0
964,20031104,0.0
965,20031105,0.0
966,20031106,0.0
967,20031107,0.0
968,20031110,0.0
969,20031111,0.0
970,20031112,0.0
971,20031113,0.0
972,20031114,0.0
973,20031117,0.0
974,20031118,0.0
975,20031119,0.0
976,20031120,0.0
977,20031121,0.0
978,20031124,0.0
979,20031125,0.0
980,20031126,0.0
981,20031128,0.0
982,20031201,0.0
983,20031202,0.0
984,20031203,0.0
985,20031204,0.0
986,20031205,0.0
987,20031208,0.0
988,20031209,0.0
989,20031210,0.0
990,20031211,0.0
991,20031212,0.0
992,20031215,0.0
993,20031216,0.0
994,20031217,0.0
995,20031218,0.0
996,20031219,0.0
997,20031222,0.0
998,20031223,0.0
999,20031224,0.0
1000,20031226,0.0
1001,20031229,0.0
1002,20031230,0.0
1003,20031231,0.0
1004,20040102,0.0
1005,20040105,0.0
1006,20040106,0.0
1007,20040107,0.0
1008,20040108,0.0
1009,20040109,0.0
1010,20040112,0.0
1011,20040113,0.0
1012,20040114,0.0
1013,20040115,0.0
1014,20040116,0.0
1015,20040120,0.0
1016,20040121,0.0
1017,20040122,0.0
1018,20040123,0.0
1019,20040126,0.0
1020,20040127,0.0
1021,20040128,0.0
1022,20040129,0.0
1023,20040130,0.0
1024,20040202,0.0
1025,20040203,0.0
1026,20040204,0.0
1027,20040205,0.0
1028,20040206,0.0
1029,20040209,0.0
1030,20040210,0.0
1031,20040211,0.0
1032,20040212,0.0
1033,20040213,0.0
1034,20040217,0.0
1035,20040218,0.0
1036,20040219,0.0
1037,20040220,0.0
1038,20040223,0.0
1039,20040224,0.0
1040,20040225,0.0
1041,20040226,0.0
1042,20040227,0.0
1043,20040301,0.0
1044,20040302,0.0
1045,20040303,0.0
1046,20040304,0.0
1047,20040305,0.0
1048,20040308,0.0
1049,20040309,0.0
1050,20040310,0.0
1051,20040311,0.0
1052,20040312,0.0
1053,20040315,0.0
1054,20040316,0.0
1055,20040317,0.0
1056,20040318,0.0
1057,20040319,0.0
1058,20040322,0.0
1059,20040323,0.0
1060,20040324,0.0
1061,20040325,0.0
1062,20040326,0.0
1063,20040329,0.0
1064,20040330,0.0
1065,20040331,0.0
1066,20040401,0.0
1067,20040402,0.0
1068,20040405,0.0
1069,20040406,0.0
1070,20040407,0.0
1071,20040408,0.0
1072,20040412,0.0
1073,20040413,0.0
1074,20040414,0.0
1075,20040415,0.0
1076,20040416,0.0
1077,20040419,0.0
1078,20040420,0.0
1079,20040421,0.0
1080,20040422,0.0
1081,20040423,0.0
1082,20040426,0.0
1083,20040427,0.0
1084,20040428,0.0
1085,20040429,0.0
1086,20040430,0.0
1087,20040503,0.0
1088,20040504,0.0
1089,20040505,0.0
1090,20040506,0.0
1091,20040507,0.0
1092,20040510,0.0
1093,20040511,0.0
1094,20040512,0.0
1095,20040513,0.0
1096,20040514,0.0
1097,20040517,0.0
1098,20040518,0.0
1099,20040519,0.0
1100,20040520,0.0
1101,20040521,0.0
1102,20040524,0.0
1103,20040525,0.0
1104,20040526,0.0
1105,20040527,0.0
1106,20040528,0.0
1107,20040601,0.0
1108,20040602,0.0
1109,20040603,0.0
1110,20040604,0.0
1111,20040607,0.0
1112,20040608,0.0
1113,20040609,0.0
1114,20040610,0.0
1115,20040614,0.0
1116,20040615,0.0
1117,20040616,0.0
1118,20040617,0.0
1119,20040618,0.0
1120,20040621,0.0
1121,20040622,0.0
1122,20040623,0.0
1123,20040624,0.0
1124,20040625,0.0
1125,20040628,0.0
1126,20040629,0.0
1127,20040630,0.0
1128,20040701,0.0
1129,20040702,0.0
1130,20040706,0.0
1131,20040707,0.0
1132,20040708,0.0
1133,20040709,0.0
1134,20040712,0.0
1135,20040713,0.0
1136,20040714,0.0
1137,20040715,0.0
1138,20040716,0.0
1139,20040719,0.0
1140,20040720,0.0
1141,20040721,0.0
1142,20040722,0.0
1143,20040723,0.0
1144,20040726,0.0
1145,20040727,0.0
1146,20040728,0.0
1147,20040729,0.0
1148,20040730,0.0
1149,20040802,0.0
1150,20040803,0.0
1151,20040804,0.0
1152,20040805,0.0
1153,20040806,0.0
1154,20040809,0.0
1155,20040810,0.0
1156,20040811,0.0
1157,20040812,0.0
1158,20040813,0.0
1159,20040816,0.0
1160,20040817,0.0
1161,20040818,0.0
1162,20040819,0.0
1163,20040820,0.0
1164,20040823,0.0
1165,20040824,0.0
1166,20040825,0.0
1167,20040826,0.0
1168,20040827,0.0
1169,20040830,0.0
1170,20040831,0.0
1171,20040901,0.0
1172,20040902,0.0
1173,20040903,0.0
1174,20040907,0.0
1175,20040908,0.0
1176,20040909,0.0
1177,20040910,0.0
1178,20040913,0.0
1179,20040914,0.0
1180,20040915,0.0
1181,20040916,0.0
1182,20040917,0.0
1183,20040920,0.0
1184,20040921,0.0
1185,20040922,0.0
1186,20040923,0.0
1187,20040924,0.0
1188,20040927,0.0
1189,20040928,0.0
1190,20040929,0.0
1191,20040930,0.0
1192,20041001,0.0
1193,20041004,0.0
1194,20041005,0.0
1195,20041006,0.0
1196,20041007,0.0
1197,20041008,0.0
1198,20041011,0.0
1199,20041012,0.0
1200,20041013,0.0
1201,20041014,0.0
1202,20041015,0.0
1203,20041018,0.0
1204,20041019,0.0
1205,20041020,0.0
1206,20041021,0.0
1207,20041022,0.0
1208,20041025,0.0
1209,20041026,0.0
1210,20041027,0.0
1211,20041028,0.0
1212,20041029,0.0
1213,20041101,0.0
1214,20041102,0.0
1215,20041103,0.0
1216,20041104,0.0
1217,20041105,0.0
1218,20041108,0.0
1219,20041109,0.0
1220,20041110,0.0
1221,20041111,0.0
1222,20041112,0.0
1223,20041115,0.0
1224,20041116,0.0
1225,20041117,0.0
1226,20041118,0.0
1227,20041119,0.0
1228,20041122,0.0
1229,20041123,0.0
1230,20041124,0.0
1231,20041126,0.0
1232,20041129,0.0
1233,20041130,0.0
1234,20041201,0.0
1235,20041202,0.0
1236,20041203,0.0
1237,20041206,0.0
1238,20041207,0.0
1239,20041208,0.0
1240,20041209,0.0
1241,20041210,0.0
1242,20041213,0.0
1243,20041214,0.0
1244,20041215,0.0
1245,20041216,0.0
1246,20041217,0.0
1247,20041220,0.0
1248,20041221,0.0
1249,20041222,0.0
1250,20041223,0.0
1251,20041227,0.0
1252,20041228,0.0
1253,20041229,0.0
1254,20041230,0.0
1255,20041231,0.0
1256,20050103,0.0
1257,20050104,0.0
1258,20050105,0.0
1259,20050106,0.0
1260,20050107,0.0
1261,20050110,0.0
1262,20050111,0.0
1263,20050112,0.0
1264,20050113,0.0
1265,20050114,0.0
1266,20050118,0.0
1267,20050119,0.0
1268,20050120,0.0
1269,20050121,0.0
1270,20050124,0.0
1271,20050125,0.0
1272,20050126,0.0
1273,20050127,0.0
1274,20050128,0.0
1275,20050131,0.0
1276,20050201,0.0
1277,20050202,0.0
1278,20050203,0.0
1279,20050204,0.0
1280,20050207,0.0
1281,20050208,0.0
1282,20050209,0.0
1283,20050210,0.0
1284,20050211,0.0
1285,20050214,0.0
1286,20050215,0.0
1287,20050216,0.0
1288,20050217,0.0
1289,20050218,0.0
1290,20050222,0.0
1291,20050223,0.0
1292,20050224,0.0
1293,20050225,0.0
1294,20050228,0.0
1295,20050301,0.0
1296,20050302,0.0
1297,20050303,0.0
1298,20050304,0.0
1299,20050307,0.0
1300,20050308,0.0
1301,20050309,0.0
1302,20050310,0.0
1303,20050311,0.0
1304,20050314,0.0
1305,20050315,0.0
1306,20050316,0.0
1307,20050317,0.0
1308,20050318,0.0
1309,20050321,0.0
1310,20050322,0.0
1311,20050323,0.0
1312,20050324,0.0
1313,20050328,0.0
1314,20050329,0.0
1315,20050330,0.0
1316,20050331,0.0
1317,20050401,0.0
1318,20050404,0.0
1319,20050405,0.0
1320,20050406,0.0
1321,20050407,0.0
1322,20050408,0.0
1323,20050411,0.0
1324,20050412,0.0
1325,20050413,0.0
1326,20050414,0.0
1327,20050415,0.0
1328,20050418,0.0
1329,20050419,0.0
1330,20050420,0.0
1331,20050421,0.0
1332,20050422,0.0
1333,20050425,0.0
1334,20050426,0.0
1335,20050427,0.0
1336,20050428,0.0
1337,20050429,0.0
1338,20050502,0.0
1339,20050503,0.0
1340,20050504,0.0
1341,20050505,0.0
1342,20050506,0.0
1343,20050509,0.0
1344,20050510,0.0
1345,20050511,0.0
1346,20050512,0.0
1347,20050513,0.0
1348,20050516,0.0
1349,20050517,0.0
1350,20050518,0.0
1351,20050519,0.0
1352,20050520,0.0
1353,20050523,0.0
1354,20050524,0.0
1355,20050525,0.0
1356,20050526,0.0
1357,20050527,0.0
1358,20050531,0.0
1359,20050601,0.0
1360,20050602,0.0
1361,20050603,0.0
1362,20050606,0.0
1363,20050607,0.0
1364,20050608,0.0
1365,20050609,0.0
1366,20050610,0.0
1367,20050613,0.0
1368,20050614,0.0
1369,20050615,0.0
1370,20050616,0.0
1371,20050617,0.0
1372,20050620,0.0
1373,20050621,0.0
1374,20050622,0.0
1375,20050623,0.0
1376,20050624,0.0
1377,20050627,0.0
1378,20050628,0.0
1379,20050629,0.0
1380,20050630,0.0
1381,20050701,0.0
1382,20050705,0.0
1383,20050706,0.0
1384,20050707,0.0
1385,20050708,0.0
1386,20050711,0.0
1387,20050712,0.0
1388,20050713,0.0
1389,20050714,0.0
1390,20050715,0.0
1391,20050718,0.0
1392,20050719,0.0
1393,20050720,0.0
1394,20050721,0.0
1395,20050722,0.0
1396,20050725,0.0
1397,20050726,0.0
1398,20050727,0.0
1399,20050728,0.0
1400,20050729,0.0
1401,20050801,0.0
1402,20050802,0.0
1403,20050803,0.0
1404,20050804,0.0
1405,20050805,0.0
1406,20050808,0.0
1407,20050809,0.0
1408,20050810,0.0
1409,20050811,0.0
1410,20050812,0.0
1411,20050815,0.0
1412,20050816,0.0
1413,20050817,0.0
1414,20050818,0.0
1415,20050819,0.0
1416,20050822,0.0
1417,20050823,0.0
1418,20050824,0.0
1419,20050825,0.0
1420,20050826,0.0
1421,20050829,0.0
1422,20050830,0.0
1423,20050831,0.0
1424,20050901,0.0
1425,20050902,0.0
1426,20050906,0.0
1427,20050907,0.0
1428,20050908,0.0
1429,20050909,0.0
1430,20050912,0.0
1431,20050913,0.0
1432,20050914,0.0
1433,20050915,0.0
1434,20050916,0.0
1435,20050919,0.0
1436,20050920,0.0
1437,20050921,0.0
1438,20050922,0.0
1439,20050923,0.0
1440,20050926,0.0
1441,20050927,0.0
1442,20050928,0.0
1443,20050929,0.0
1444,20050930,0.0
1445,20051003,0.0
1446,20051004,0.0
1447,20051005,0.0
1448,20051006,0.0
1449,20051007,0.0
1450,20051010,0.0
1451,20051011,0.0
1452,20051012,0.0
1453,20051013,0.0
1454,20051014,0.0
1455,20051017,0.0
1456,20051018,0.0
1457,20051019,0.0
1458,20051020,0.0
1459,20051021,0.0
1460,20051024,0.0
1461,20051025,0.0
1462,20051026,0.0
1463,20051027,0.0
1464,20051028,0.0
1465,20051031,0.0
1466,20051101,0.0
1467,20051102,0.0
1468,20051103,0.0
1469,20051104,0.0
1470,20051107,0.0
1471,20051108,0.0
1472,20051109,0.0
1473,20051110,0.0
1474,20051111,0.0
1475,20051114,0.0
1476,20051115,0.0
1477,20051116,0.0
1478,20051117,0.0
1479,20051118,0.0
1480,20051121,0.0
1481,20051122,0.0
1482,20051123,0.0
1483,20051125,0.0
1484,20051128,0.0
1485,20051129,0.0
1486,20051130,0.0
1487,20051201,0.0
1488,20051202,0.0
1489,20051205,0.0
1490,20051206,0.0
1491,20051207,0.0
1492,20051208,0.0
1493,20051209,0.0
1494,20051212,0.0
1495,20051213,0.0
1496,20051214,0.0
1497,20051215,0.0
1498,20051216,0.0
1499,20051219,0.0
1500,20051220,0.0
1501,20051221,0.0
1502,20051222,0.0
1503,20051223,0.0
1504,20051227,0.0
1505,20051228,0.0
1506,20051229,0.0
1507,20051230,0.0
1508,20060103,0.0
1509,20060104,0.0
1510,20060105,0.0
1511,20060106,0.0
1512,20060109,0.0
1513,20060110,0.0
1514,20060111,0.0
1515,20060112,0.0
1516,20060113,0.0
1517,20060117,0.0
1518,20060118,0.0
1519,20060119,0.0
1520,20060120,0.0
1521,20060123,0.0
1522,20060124,0.0
1523,20060125,0.0
1524,20060126,0.0
1525,20060127,0.0
1526,20060130,0.0
1527,20060131,0.0
1528,20060201,0.0
1529,20060202,0.0
1530,20060203,0.0
1531,20060206,0.0
1532,20060207,0.0
1533,20060208,0.0
1534,20060209,0.0
1535,20060210,0.0
1536,20060213,0.0
1537,20060214,0.0
1538,20060215,0.0
1539,20060216,0.0
1540,20060217,0.0
1541,20060221,0.0
1542,20060222,0.0
1543,20060223,0.0
1544,20060224,0.0
1545,20060227,0.0
1546,20060228,0.0
1547,20060301,0.0
1548,20060302,0.0
1549,20060303,0.0
1550,20060306,0.0
1551,20060307,0.0
1552,20060308,0.0
1553,20060309,0.0
1554,20060310,0.0
1555,20060313,0.0
1556,20060314,0.0
1557,20060315,0.0
1558,20060316,0.0
1559,20060317,0.0
1560,20060320,0.0
1561,20060321,0.0
1562,20060322,0.0
1563,20060323,0.0
1564,20060324,0.0
1565,20060327,0.0
1566,20060328,0.0
1567,20060329,0.0
1568,20060330,0.0
1569,20060331,0.0
1570,20060403,0.0
1571,20060404,0.0
1572,20060405,0.0
1573,20060406,0.0
1574,20060407,0.0
1575,20060410,0.0
1576,20060411,0.0
1577,20060412,0.0
1578,20060413,0.0
1579,20060417,0.0
1580,20060418,0.0
1581,20060419,0.0
1582,20060420,0.0
1583,20060421,0.0
1584,20060424,0.0
1585,20060425,0.0
1586,20060426,0.0
1587,20060427,0.0
1588,20060428,0.0
1589,20060501,0.0
1590,20060502,0.0
1591,20060503,0.0
1592,20060504,0.0
1593,20060505,0.0
1594,20060508,0.0
1595,20060509,0.0
1596,20060510,0.0
1597,20060511,0.0
1598,20060512,0.0
1599,20060515,0.0
1600,20060516,0.0
1601,20060517,0.0
1602,20060518,0.0
1603,20060519,0.0
1604,20060522,0.0
1605,20060523,0.0
1606,20060524,0.0
1607,20060525,0.0
1608,20060526,0.0
1609,20060530,0.0
1610,20060531,0.0
1611,20060601,0.0
1612,20060602,0.0
1613,20060605,0.0
1614,20060606,0.0
1615,20060607,0.0
1616,20060608,0.0
1617,20060609,0.0
1618,20060612,0.0
1619,20060613,0.0
1620,20060614,0.0
1621,20060615,0.0
1622,20060616,0.0
1623,20060619,0.0
1624,20060620,0.0
1625,20060621,0.0
1626,20060622,0.0
1627,20060623,0.0
1628,20060626,0.0
1629,20060627,0.0
1630,20060628,0.0
1631,20060629,0.0
1632,20060630,0.0
1633,20060703,0.0
1634,20060705,0.0
1635,20060706,0.0
1636,20060707,0.0
1637,20060710,0.0
1638,20060711,0.0
1639,20060712,0.0
1640,20060713,0.0
1641,20060714,0.0
1642,20060717,0.0
1643,20060718,0.0
1644,20060719,0.0
1645,20060720,0.0
1646,20060721,0.0
1647,20060724,0.0
1648,20060725,0.0
1649,20060726,0.0
1650,20060727,0.0
1651,20060728,0.0
1652,20060731,0.0
1653,20060801,0.0
1654,20060802,0.0
1655,20060803,0.0
1656,20060804,0.0
1657,20060807,0.0
1658,20060808,0.0
1659,20060809,0.0
1660,20060810,0.0
1661,20060811,0.0
1662,20060814,0.0
1663,20060815,0.0
1664,20060816,0.0
1665,20060817,0.0
1666,20060818,0.0
1667,20060821,0.0
1668,20060822,0.0
1669,20060823,0.0
1670,20060824,0.0
1671,20060825,0.0
1672,20060828,0.0
1673,20060829,0.0
1674,20060830,0.0
1675,20060831,0.0
1676,20060901,0.0
1677,20060905,0.0
1678,20060906,0.0
1679,20060907,0.0
1680,20060908,0.0
1681,20060911,0.0
1682,20060912,0.0
1683,20060913,0.0
1684,20060914,0.0
1685,20060915,0.0
1686,20060918,0.0
1687,20060919,0.0
1688,20060920,0.0
1689,20060921,0.0
1690,20060922,0.0
1691,20060925,0.0
1692,20060926,0.0
1693,20060927,0.0
1694,20060928,0.0
1695,20060929,0.0
1696,20061002,0.0
1697,20061003,0.0
1698,20061004,0.0
1699,20061005,0.0
1700,20061006,0.0
1701,20061009,0.0
1702,20061010,0.0
1703,20061011,0.0
1704,20061012,0.0
1705,20061013,0.0
1706,20061016,0.0
1707,20061017,0.0
1708,20061018,0.0
1709,20061019,0.0
1710,20061020,0.0
1711,20061023,0.0
1712,20061024,0.0
1713,20061025,0.0
1714,20061026,0.0
1715,20061027,0.0
1716,20061030,0.0
1717,20061031,0.0
1718,20061101,0.0
1719,20061102,0.0
1720,20061103,0.0
1721,20061106,0.0
1722,20061107,0.0
1723,20061108,0.0
1724,20061109,0.0
1725,20061110,0.0
1726,20061113,0.0
1727,20061114,0.0
1728,20061115,0.0
1729,20061116,0.0
1730,20061117,0.0
1731,20061120,0.0
1732,20061121,0.0
1733,20061122,0.0
1734,20061124,0.0
1735,20061127,0.0
1736,20061128,0.0
1737,20061129,0.0
1738,20061130,0.0
1739,20061201,0.0
1740,20061204,0.0
1741,20061205,0.0
1742,20061206,0.0
1743,20061207,0.0
1744,20061208,0.0
1745,20061211,0.0
1746,20061212,0.0
1747,20061213,0.0
1748,20061214,0.0
1749,20061215,0.0
1750,20061218,0.0
1751,20061219,0.0
1752,20061220,0.0
1753,20061221,0.0
1754,20061222,0.0
1755,20061226,0.0
1756,20061227,0.0
1757,20061228,0.0
1758,20061229,0.0
1759,20070103,0.0
1760,20070104,0.0
1761,20070105,0.0
1762,20070108,0.0
1763,20070109,0.0
1764,20070110,0.0
1765,20070111,0.0
1766,20070112,0.0
1767,20070116,0.0
1768,20070117,0.0
1769,20070118,0.0
1770,20070119,0.0
1771,20070122,0.0
1772,20070123,0.0
1773,20070124,0.0
1774,20070125,0.0
1775,20070126,0.0
1776,20070129,0.0
1777,20070130,0.0
1778,20070131,0.0
1779,20070201,0.0
1780,20070202,0.0
1781,20070205,0.0
1782,20070206,0.0
1783,20070207,0.0
1784,20070208,0.0
1785,20070209,0.0
1786,20070212,0.0
1787,20070213,0.0
1788,20070214,0.0
1789,20070215,0.0
1790,20070216,0.0
1791,20070220,0.0
1792,20070221,0.0
1793,20070222,0.0
1794,20070223,0.0
1795,20070226,0.0
1796,20070227,0.0
1797,20070228,0.0
1798,20070301,0.0
1799,20070302,0.0
1800,20070305,0.0
1801,20070306,0.0
1802,20070307,0.0
1803,20070308,0.0
1804,20070309,0.0
1805,20070312,0.0
1806,20070313,0.0
1807,20070314,0.0
1808,20070315,0.0
1809,20070316,0.0
1810,20070319,0.0
1811,20070320,0.0
1812,20070321,0.0
1813,20070322,0.0
1814,20070323,0.0
1815,20070326,0.0
1816,20070327,0.0
1817,20070328,0.0
1818,20070329,0.0
1819,20070330,0.0
1820,20070402,0.0
1821,20070403,0.0
1822,20070404,0.0
1823,20070405,0.0
1824,20070409,0.0
1825,20070410,0.0
1826,20070411,0.0
1827,20070412,0.0
1828,20070413,0.0
1829,20070416,0.0
1830,20070417,0.0
1831,20070418,0.0
1832,20070419,0.0
1833,20070420,0.0
1834,20070423,0.0
1835,20070424,0.0
1836,20070425,0.0
1837,20070426,0.0
1838,20070427,0.0
1839,20070430,0.0
1840,20070501,0.0
1841,20070502,0.0
1842,20070503,0.0
1843,20070504,0.0
1844,20070507,0.0
1845,20070508,0.0
1846,20070509,0.0
1847,20070510,0.0
1848,20070511,0.0
1849,20070514,0.0
1850,20070515,0.0
1851,20070516,0.0
1852,20070517,0.0
1853,20070518,0.0
1854,20070521,0.0
1855,20070522,0.0
1856,20070523,0.0
1857,20070524,0.0
1858,20070525,0.0
1859,20070529,0.0
1860,20070530,0.0
1861,20070531,0.0
1862,20070601,0.0
1863,20070604,0.0
1864,20070605,0.0
1865,20070606,0.0
1866,20070607,0.0
1867,20070608,0.0
1868,20070611,0.0
1869,20070612,0.0
1870,20070613,0.0
1871,20070614,0.0
1872,20070615,0.0
1873,20070618,0.0
1874,20070619,0.0
1875,20070620,0.0
1876,20070621,0.0
1877,20070622,0.0
1878,20070625,0.0
1879,20070626,0.0
1880,20070627,0.0
1881,20070628,0.0
1882,20070629,0.0
1883,20070702,0.0
1884,20070703,0.0
1885,20070705,0.0
1886,20070706,0.0
1887,20070709,0.0
1888,20070710,0.0
1889,20070711,0.0
1890,20070712,0.0
1891,20070713,0.0
1892,20070716,0.0
1893,20070717,0.0
1894,20070718,0.0
1895,20070719,0.0
1896,20070720,0.0
1897,20070723,0.0
1898,20070724,0.0
1899,20070725,0.0
1900,20070726,0.0
1901,20070727,0.0
1902,20070730,0.0
1903,20070731,0.0
1904,20070801,0.0
1905,20070802,0.0
1906,20070803,0.0
1907,20070806,0.0
1908,20070807,0.0
1909,20070808,0.0
1910,20070809,0.0
1911,20070810,0.0
1912,20070813,0.0
1913,20070814,0.0
1914,20070815,0.0
1915,20070816,0.0
1916,20070817,0.0
1917,20070820,0.0
1918,20070821,0.0
1919,20070822,0.0
1920,20070823,0.0
1921,20070824,0.0
1922,20070827,0.0
1923,20070828,0.0
1924,20070829,0.0
1925,20070830,0.0
1926,20070831,0.0
1927,20070904,0.0
1928,20070905,0.0
1929,20070906,0.0
1930,20070907,0.0
1931,20070910,0.0
1932,20070911,0.0
1933,20070912,0.0
1934,20070913,0.0
1935,20070914,0.0
1936,20070917,0.0
1937,20070918,0.0
1938,20070919,0.0
1939,20070920,0.0
1940,20070921,0.0
1941,20070924,0.0
1942,20070925,0.0
1943,20070926,0.0
1944,20070927,0.0
1945,20070928,0.0
1946,20071001,0.0
1947,20071002,0.0
1948,20071003,0.0
1949,20071004,0.0
1950,20071005,0.0
1951,20071008,0.0
1952,20071009,0.0
1953,20071010,0.0
1954,20071011,0.0
1955,20071012,0.0
1956,20071015,0.0
1957,20071016,0.0
1958,20071017,0.0
1959,20071018,0.0
1960,20071019,0.0
1961,20071022,0.0
1962,20071023,0.0
1963,20071024,0.0
1964,20071025,0.0
1965,20071026,0.0
1966,20071029,0.0
1967,20071030,0.0
1968,20071031,0.0
1969,20071101,0.0
1970,20071102,0.0
1971,20071105,0.0
1972,20071106,0.0
1973,20071107,0.0
1974,20071108,0.0
1975,20071109,0.0
1976,20071112,0.0
1977,20071113,0.0
1978,20071114,0.0
1979,20071115,0.0
1980,20071116,0.0
1981,20071119,0.0
1982,20071120,0.0
1983,20071121,0.0
1984,20071123,0.0
1985,20071126,0.0
1986,20071127,0.0
1987,20071128,0.0
1988,20071129,0.0
1989,20071130,0.0
1990,20071203,0.0
1991,20071204,0.0
1992,20071205,0.0
1993,20071206,0.0
1994,20071207,0.0
1995,20071210,0.0
1996,20071211,0.0
1997,20071212,0.0
1998,20071213,0.0
1999,20071214,0.0
2000,20071217,0.0
2001,20071218,0.0
2002,20071219,0.0
2003,20071220,0.0
2004,20071221,0.0
2005,20071224,0.0
2006,20071226,0.0
2007,20071227,0.0
2008,20071228,0.0
2009,20071231,0.0
2010,20080102,0.0
2011,20080103,0.0
2012,20080104,0.0
2013,20080107,0.0
2014,20080108,0.0
2015,20080109,0.0
2016,20080110,0.0
2017,20080111,0.0
2018,20080114,0.0
2019,20080115,0.0
2020,20080116,0.0
2021,20080117,0.0
2022,20080118,0.0
2023,20080122,0.0
2024,20080123,0.0
2025,20080124,0.0
2026,20080125,0.0
2027,20080128,0.0
2028,20080129,0.0
2029,20080130,0.0
2030,20080131,0.0
2031,20080201,0.0
2032,20080204,0.0
2033,20080205,0.0
2034,20080206,0.0
2035,20080207,0.0
2036,20080208,0.0
2037,20080211,0.0
2038,20080212,0.0
2039,20080213,0.0
2040,20080214,0.0
2041,20080215,0.0
2042,20080219,0.0
2043,20080220,0.0
2044,20080221,0.0
2045,20080222,0.0
2046,20080225,0.0
2047,20080226,0.0
2048,20080227,0.0
2049,20080228,0.0
2050,20080229,0.0
2051,20080303,0.0
2052,20080304,0.0
2053,20080305,0.0
2054,20080306,0.0
2055,20080307,0.0
2056,20080310,0.0
2057,20080311,0.0
2058,20080312,0.0
2059,20080313,0.0
2060,20080314,0.0
2061,20080317,0.0
2062,20080318,0.0
2063,20080319,0.0
2064,20080320,0.0
2065,20080324,0.0
2066,20080325,0.0
2067,20080326,0.0
2068,20080327,0.0
2069,20080328,0.0
2070,20080331,0.0
2071,20080401,0.0
2072,20080402,0.0
2073,20080403,0.0
2074,20080404,0.0
2075,20080407,0.0
2076,20080408,0.0
2077,20080409,0.0
2078,20080410,0.0
2079,20080411,0.0
2080,20080414,0.0
2081,20080415,0.0
2082,20080416,0.0
2083,20080417,0.0
2084,20080418,0.0
2085,20080421,0.0
2086,20080422,0.0
2087,20080423,0.0
2088,20080424,0.0
2089,20080425,0.0
2090,20080428,0.0
2091,20080429,0.0
2092,20080430,0.0
2093,20080501,0.0
2094,20080502,0.0
2095,20080505,0.0
2096,20080506,0.0
2097,20080507,0.0
2098,20080508,0.0
2099,20080509,0.0
2100,20080512,0.0
2101,20080513,0.0
2102,20080514,0.0
2103,20080515,0.0
2104,20080516,0.0
2105,20080519,0.0
2106,20080520,0.0
2107,20080521,0.0
2108,20080522,0.0
2109,20080523,0.0
2110,20080527,0.0
2111,20080528,0.0
2112,20080529,0.0
2113,20080530,0.0
2114,20080602,0.0
2115,20080603,0.0
2116,20080604,0.0
2117,20080605,0.0
2118,20080606,0.0
2119,20080609,0.0
2120,20080610,0.0
2121,20080611,0.0
2122,20080612,0.0
2123,20080613,0.0
2124,20080616,0.0
2125,20080617,0.0
2126,20080618,0.0
2127,20080619,0.0
2128,20080620,0.0
2129,20080623,0.0
2130,20080624,0.0
2131,20080625,0.0
2132,20080626,0.0
2133,20080627,0.0
2134,20080630,0.0
2135,20080701,0.0
2136,20080702,0.0
2137,20080703,0.0
2138,20080707,0.0
2139,20080708,0.0
2140,20080709,0.0
2141,20080710,0.0
2142,20080711,0.0
2143,20080714,0.0
2144,20080715,0.0
2145,20080716,0.0
2146,20080717,0.0
2147,20080718,0.0
2148,20080721,0.0
2149,20080722,0.0
2150,20080723,0.0
2151,20080724,0.0
2152,20080725,0.0
2153,20080728,0.0
2154,20080729,0.0
2155,20080730,0.0
2156,20080731,0.0
2157,20080801,0.0
2158,20080804,0.0
2159,20080805,0.0
2160,20080806,0.0
2161,20080807,0.0
2162,20080808,0.0
2163,20080811,0.0
2164,20080812,0.0
2165,20080813,0.0
2166,20080814,0.0
2167,20080815,0.0
2168,20080818,0.0
2169,20080819,0.0
2170,20080820,0.0
2171,20080821,0.0
2172,20080822,0.0
2173,20080825,0.0
2174,20080826,0.0
2175,20080827,0.0
2176,20080828,0.0
2177,20080829,0.0
2178,20080902,0.0
2179,20080903,0.0
2180,20080904,0.0
2181,20080905,0.0
2182,20080908,0.0
2183,20080909,0.0
2184,20080910,0.0
2185,20080911,0.0
2186,20080912,0.0
2187,20080915,0.0
2188,20080916,0.0
2189,20080917,0.0
2190,20080918,0.0
2191,20080919,0.0
2192,20080922,0.0
2193,20080923,0.0
2194,20080924,0.0
2195,20080925,0.0
2196,20080926,0.0
2197,20080929,0.0
2198,20080930,0.0
2199,20081001,0.0
2200,20081002,0.0
2201,20081003,0.0
2202,20081006,0.0
2203,20081007,0.0
2204,20081008,0.0
2205,20081009,0.0
2206,20081010,0.0
2207,20081013,0.0
2208,20081014,0.0
2209,20081015,0.0
2210,20081016,0.0
2211,20081017,0.0
2212,20081020,0.0
2213,20081021,0.0
2214,20081022,0.0
2215,20081023,0.0
2216,20081024,0.0
2217,20081027,0.0
2218,20081028,0.0
2219,20081029,0.0
2220,20081030,0.0
2221,20081031,0.0
2222,20081103,0.0
2223,20081104,0.0
2224,20081105,0.0
2225,20081106,0.0
2226,20081107,0.0
2227,20081110,0.0
2228,20081111,0.0
2229,20081112,0.0
2230,20081113,0.0
2231,20081114,0.0
2232,20081117,0.0
2233,20081118,0.0
2234,20081119,0.0
2235,20081120,0.0
2236,20081121,0.0
2237,20081124,0.0
2238,20081125,0.0
2239,20081126,0.0
2240,20081128,0.0
2241,20081201,0.0
2242,20081202,0.0
2243,20081203,0.0
2244,20081204,0.0
2245,20081205,0.0
2246,20081208,0.0
2247,20081209,0.0
2248,20081210,0.0
2249,20081211,0.0
2250,20081212,0.0
2251,20081215,0.0
2252,20081216,0.0
2253,20081217,0.0
2254,20081218,0.0
2255,20081219,0.0
2256,20081222,0.0
2257,20081223,0.0
2258,20081224,0.0
2259,20081226,0.0
2260,20081229,0.0
2261,20081230,0.0
2262,20081231,0.0
2263,20090102,0.0
2264,20090105,0.0
2265,20090106,0.0
2266,20090107,0.0
2267,20090108,0.0
2268,20090109,0.0
2269,20090112,0.0
2270,20090113,0.0
2271,20090114,0.0
2272,20090115,0.0
2273,20090116,0.0
2274,20090120,0.0
2275,20090121,0.0
2276,20090122,0.0
2277,20090123,0.0
2278,20090126,0.0
2279,20090127,0.0
2280,20090128,0.0
2281,20090129,0.0
2282,20090130,0.0
2283,20090202,0.0
2284,20090203,0.0
2285,20090204,0.0
2286,20090205,0.0
2287,20090206,0.0
2288,20090209,0.0
2289,20090210,0.0
2290,20090211,0.0
2291,20090212,0.0
2292,20090213,0.0
2293,20090217,0.0
2294,20090218,0.0
2295,20090219,0.0
2296,20090220,0.0
2297,20090223,0.0
2298,20090224,0.0
2299,20090225,0.0
2300,20090226,0.0
2301,20090227,0.0
2302,20090302,0.0
2303,20090303,0.0
2304,20090304,0.0
2305,20090305,0.0
2306,20090306,0.0
2307,20090309,0.0
2308,20090310,0.0
2309,20090311,0.0
2310,20090312,0.0
2311,20090313,0.0
2312,20090316,0.0
2313,20090317,0.0
2314,20090318,0.0
2315,20090319,0.0
2316,20090320,0.0
2317,20090323,0.0
2318,20090324,0.0
2319,20090325,0.0
2320,20090326,0.0
2321,20090327,0.0
2322,20090330,0.0
2323,20090331,0.0
2324,20090401,0.0
2325,20090402,0.0
2326,20090403,0.0
2327,20090406,0.0
2328,20090407,0.0
2329,20090408,0.0
2330,20090409,0.0
2331,20090413,0.0
2332,20090414,0.0
2333,20090415,0.0
2334,20090416,0.0
2335,20090417,0.0
2336,20090420,0.0
2337,20090421,0.0
2338,20090422,0.0
2339,20090423,0.0
2340,20090424,0.0
2341,20090427,0.0
2342,20090428,0.0
2343,20090429,0.0
2344,20090430,0.0
2345,20090501,0.0
2346,20090504,0.0
2347,20090505,0.0
2348,20090506,0.0
2349,20090507,0.0
2350,20090508,0.0
2351,20090511,0.0
2352,20090512,0.0
2353,20090513,0.0
2354,20090514,0.0
2355,20090515,0.0
2356,20090518,0.0
2357,20090519,0.0
2358,20090520,0.0
2359,20090521,0.0
2360,20090522,0.0
2361,20090526,0.0
2362,20090527,0.0
2363,20090528,0.0
2364,20090529,0.0
2365,20090601,0.0
2366,20090602,0.0
2367,20090603,0.0
2368,20090604,0.0
2369,20090605,0.0
2370,20090608,0.0
2371,20090609,0.0
2372,20090610,0.0
2373,20090611,0.0
2374,20090612,0.0
2375,20090615,0.0
2376,20090616,0.0
2377,20090617,0.0
2378,20090618,0.0
2379,20090619,0.0
2380,20090622,0.0
2381,20090623,0.0
2382,20090624,0.0
2383,20090625,0.0
2384,20090626,0.0
2385,20090629,0.0
2386,20090630,0.0
2387,20090701,0.0
2388,20090702,0.0
2389,20090706,0.0
2390,20090707,0.0
2391,20090708,0.0
2392,20090709,0.0
2393,20090710,0.0
2394,20090713,0.0
2395,20090714,0.0
2396,20090715,0.0
2397,20090716,0.0
2398,20090717,0.0
2399,20090720,0.0
2400,20090721,0.0
2401,20090722,0.0
2402,20090723,0.0
2403,20090724,0.0
2404,20090727,0.0
2405,20090728,0.0
2406,20090729,0.0
2407,20090730,0.0
2408,20090731,0.0
2409,20090803,0.0
2410,20090804,0.0
2411,20090805,0.0
2412,20090806,0.0
2413,20090807,0.0
2414,20090810,0.0
2415,20090811,0.0
2416,20090812,0.0
2417,20090813,0.0
2418,20090814,0.0
2419,20090817,0.0
2420,20090818,0.0
2421,20090819,0.0
2422,20090820,0.0
2423,20090821,0.0
2424,20090824,0.0
2425,20090825,0.0
2426,20090826,0.0
2427,20090827,0.0
2428,20090828,0.0
2429,20090831,0.0
2430,20090901,0.0
2431,20090902,0.0
2432,20090903,0.0
2433,20090904,0.0
2434,20090908,0.0
2435,20090909,0.0
2436,20090910,0.0
2437,20090911,0.0
2438,20090914,0.0
2439,20090915,0.0
2440,20090916,0.0
2441,20090917,0.0
2442,20090918,0.0
2443,20090921,0.0
2444,20090922,0.0
2445,20090923,0.0
2446,20090924,0.0
2447,20090925,0.0
2448,20090928,0.0
2449,20090929,0.0
2450,20090930,0.0
2451,20091001,0.0
2452,20091002,0.0
2453,20091005,0.0
2454,20091006,0.0
2455,20091007,0.0
2456,20091008,0.0
2457,20091009,0.0
2458,20091012,0.0
2459,20091013,0.0
2460,20091014,0.0
2461,20091015,0.0
2462,20091016,0.0
2463,20091019,0.0
2464,20091020,0.0
2465,20091021,0.0
2466,20091022,0.0
2467,20091023,0.0
2468,20091026,0.0
2469,20091027,0.0
2470,20091028,0.0
2471,20091029,0.0
2472,20091030,0.0
2473,20091102,0.0
2474,20091103,0.0
2475,20091104,0.0
2476,20091105,0.0
2477,20091106,0.0
2478,20091109,0.0
2479,20091110,0.0
2480,20091111,0.0
2481,20091112,0.0
2482,20091113,0.0
2483,20091116,0.0
2484,20091117,0.0
2485,20091118,0.0
2486,20091119,0.0
2487,20091120,0.0
2488,20091123,0.0
2489,20091124,0.0
2490,20091125,0.0
2491,20091127,0.0
2492,20091130,0.0
2493,20091201,0.0
2494,20091202,0.0
2495,20091203,0.0
2496,20091204,0.0
2497,20091207,0.0
2498,20091208,0.0
2499,20091209,0.0
2500,20091210,0.0
2501,20091211,0.0
2502,20091214,0.0
2503,20091215,0.0
2504,20091216,0.0
2505,20091217,0.0
2506,20091218,0.0
2507,20091221,0.0
2508,20091222,0.0
2509,20091223,0.0
2510,20091224,0.0
2511,20091228,0.0
2512,20091229,0.0
2513,20091230,0.0
2514,20091231,0.0
2515,20100104,0.0
2516,20100105,0.0
2517,20100106,0.0
2518,20100107,0.0
2519,20100108,0.0
2520,20100111,0.0
2521,20100112,0.0
2522,20100113,0.0
2523,20100114,0.0
2524,20100115,0.0
2525,20100119,0.0
2526,20100120,0.0
2527,20100121,0.0
2528,20100122,0.0
2529,20100125,0.0
2530,20100126,0.0
2531,20100127,0.0
2532,20100128,0.0
2533,20100129,0.0
2534,20100201,0.0
2535,20100202,0.0
2536,20100203,0.0
2537,20100204,0.0
2538,20100205,0.0
2539,20100208,0.0
2540,20100209,0.0
2541,20100210,0.0
2542,20100211,0.0
2543,20100212,0.0
2544,20100216,0.0
2545,20100217,0.0
2546,20100218,0.0
2547,20100219,0.0
2548,20100222,0.0
2549,20100223,0.0
2550,20100224,0.0
2551,20100225,0.0
2552,20100226,0.0
2553,20100301,0.0
2554,20100302,0.0
2555,20100303,0.0
2556,20100304,0.0
2557,20100305,0.0
2558,20100308,0.0
2559,20100309,0.0
2560,20100310,0.0
2561,20100311,0.0
2562,20100312,0.0
2563,20100315,0.0
2564,20100316,0.0
2565,20100317,0.0
2566,20100318,0.0
2567,20100319,0.0
2568,20100322,0.0
2569,20100323,0.0
2570,20100324,0.0
2571,20100325,0.0
2572,20100326,0.0
2573,20100329,0.0
2574,20100330,0.0
2575,20100331,0.0
2576,20100401,0.0
2577,20100405,0.0
2578,20100406,0.0
2579,20100407,0.0
2580,20100408,0.0
2581,20100409,0.0
2582,20100412,0.0
2583,20100413,0.0
2584,20100414,0.0
2585,20100415,0.0
2586,20100416,0.0
2587,20100419,0.0
2588,20100420,0.0
2589,20100421,0.0
2590,20100422,0.0
2591,20100423,0.0
2592,20100426,0.0
2593,20100427,0.0
2594,20100428,0.0
2595,20100429,0.0
2596,20100430,0.0
2597,20100503,0.0
2598,20100504,0.0
2599,20100505,0.0
2600,20100506,0.0
2601,20100507,0.0
2602,20100510,0.0
2603,20100511,0.0
2604,20100512,0.0
2605,20100513,0.0
2606,20100514,0.0
2607,20100517,0.0
2608,20100518,0.0
2609,20100519,0.0
2610,20100520,0.0
2611,20100521,0.0
2612,20100524,0.0
2613,20100525,0.0
2614,20100526,0.0
2615,20100527,0.0
2616,20100528,0.0
2617,20100601,0.0
2618,20100602,0.0
2619,20100603,0.0
2620,20100604,0.0
2621,20100607,0.0
2622,20100608,0.0
2623,20100609,0.0
2624,20100610,0.0
2625,20100611,0.0
2626,20100614,0.0
2627,20100615,0.0
2628,20100616,0.0
2629,20100617,0.0
2630,20100618,0.0
2631,20100621,0.0
2632,20100622,0.0
2633,20100623,0.0
2634,20100624,0.0
2635,20100625,0.0
2636,20100628,0.0
2637,20100629,0.0
2638,20100630,0.0
2639,20100701,0.0
2640,20100702,0.0
2641,20100706,0.0
2642,20100707,0.0
2643,20100708,0.0
2644,20100709,0.0
2645,20100712,0.0
2646,20100713,0.0
2647,20100714,0.0
2648,20100715,0.0
2649,20100716,0.0
2650,20100719,0.0
2651,20100720,0.0
2652,20100721,0.0
2653,20100722,0.0
2654,20100723,0.0
2655,20100726,0.0
2656,20100727,0.0
2657,20100728,0.0
2658,20100729,0.0
2659,20100730,0.0
2660,20100802,0.0
2661,20100803,0.0
2662,20100804,0.0
2663,20100805,0.0
2664,20100806,0.0
2665,20100809,0.0
2666,20100810,0.0
2667,20100811,0.0
2668,20100812,0.0
2669,20100813,0.0
2670,20100816,0.0
2671,20100817,0.0
2672,20100818,0.0
2673,20100819,0.0
2674,20100820,0.0
2675,20100823,0.0
2676,20100824,0.0
2677,20100825,0.0
2678,20100826,0.0
2679,20100827,0.0
2680,20100830,0.0
2681,20100831,0.0
2682,20100901,0.0
2683,20100902,0.0
2684,20100903,0.0
2685,20100907,0.0
2686,20100908,0.0
2687,20100909,0.0
2688,20100910,0.0
2689,20100913,0.0
2690,20100914,0.0
2691,20100915,0.0
2692,20100916,0.0
2693,20100917,0.0
2694,20100920,0.0
2695,20100921,0.0
2696,20100922,0.0
2697,20100923,0.0
2698,20100924,0.0
2699,20100927,0.0
2700,20100928,0.0
2701,20100929,0.0
2702,20100930,0.0
2703,20101001,0.0
2704,20101004,0.0
2705,20101005,0.0
2706,20101006,0.0
2707,20101007,0.0
2708,20101008,0.0
2709,20101011,0.0
2710,20101012,0.0
2711,20101013,0.0
2712,20101014,0.0
2713,20101015,0.0
2714,20101018,0.0
2715,20101019,0.0
2716,20101020,0.0
2717,20101021,0.0
2718,20101022,0.0
2719,20101025,0.0
2720,20101026,0.0
2721,20101027,0.0
2722,20101028,0.0
2723,20101029,0.0
2724,20101101,0.0
2725,20101102,0.0
2726,20101103,0.0
2727,20101104,0.0
2728,20101105,0.0
2729,20101108,0.0
2730,20101109,0.0
2731,20101110,0.0
2732,20101111,0.0
2733,20101112,0.0
2734,20101115,0.0
2735,20101116,0.0
2736,20101117,0.0
2737,20101118,0.0
2738,20101119,0.0
2739,20101122,0.0
2740,20101123,0.0
2741,20101124,0.0
2742,20101126,0.0
2743,20101129,0.0
2744,20101130,0.0
2745,20101201,0.0
2746,20101202,0.0
2747,20101203,0.0
2748,20101206,0.0
2749,20101207,0.0
2750,20101208,0.0
2751,20101209,0.0
2752,20101210,0.0
2753,20101213,0.0
2754,20101214,0.0
2755,20101215,0.0
2756,20101216,0.0
2757,20101217,0.0
2758,20101220,0.0
2759,20101221,0.0
2760,20101222,0.0
2761,20101223,0.0
2762,20101227,0.0
2763,20101228,0.0
2764,20101229,0.0
2765,20101230,0.0
2766,20101231,0.0
2767,20110103,0.0
2768,20110104,0.0
2769,20110105,0.0
2770,20110106,0.0
2771,20110107,0.0
2772,20110110,0.0
2773,20110111,0.0
2774,20110112,0.0
2775,20110113,0.0
2776,20110114,0.0
2777,20110118,0.0
2778,20110119,0.0
2779,20110120,0.0
2780,20110121,0.0
2781,20110124,0.0
2782,20110125,0.0
2783,20110126,0.0
2784,20110127,0.0
2785,20110128,0.0
2786,20110131,0.0
2787,20110201,0.0
2788,20110202,0.0
2789,20110203,0.0
2790,20110204,0.0
2791,20110207,0.0
2792,20110208,0.0
2793,20110209,0.0
2794,20110210,0.0
2795,20110211,0.0
2796,20110214,0.0
2797,20110215,0.0
2798,20110216,0.0
2799,20110217,0.0
2800,20110218,0.0
2801,20110222,0.0
2802,20110223,0.0
2803,20110224,0.0
2804,20110225,0.0
2805,20110228,0.0
2806,20110301,0.0
2807,20110302,0.0
2808,20110303,0.0
2809,20110304,0.0
2810,20110307,0.0
2811,20110308,0.0
2812,20110309,0.0
2813,20110310,0.0
2814,20110311,0.0
2815,20110314,0.0
2816,20110315,0.0
2817,20110316,0.0
2818,20110317,0.0
2819,20110318,0.0
2820,20110321,0.0
2821,20110322,0.0
2822,20110323,0.0
2823,20110324,0.0
2824,20110325,0.0
2825,20110328,0.0
2826,20110329,0.0
2827,20110330,0.0
2828,20110331,0.0
2829,20110401,0.0
2830,20110404,0.0
2831,20110405,0.0
2832,20110406,0.0
2833,20110407,0.0
2834,20110408,0.0
2835,20110411,0.0
2836,20110412,0.0
2837,20110413,0.0
2838,20110414,0.0
2839,20110415,0.0
2840,20110418,0.0
2841,20110419,0.0
2842,20110420,0.0
2843,20110421,0.0
2844,20110425,0.0
2845,20110426,0.0
2846,20110427,0.0
2847,20110428,0.0
2848,20110429,0.0
2849,20110502,0.0
2850,20110503,0.0
2851,20110504,0.0
2852,20110505,0.0
2853,20110506,0.0
2854,20110509,0.0
2855,20110510,0.0
2856,20110511,0.0
2857,20110512,0.0
2858,20110513,0.0
2859,20110516,0.0
2860,20110517,0.0
2861,20110518,0.0
2862,20110519,0.0
2863,20110520,0.0
2864,20110523,0.0
2865,20110524,0.0
2866,20110525,0.0
2867,20110526,0.0
2868,20110527,0.0
2869,20110531,0.0
2870,20110601,0.0
2871,20110602,0.0
2872,20110603,0.0
2873,20110606,0.0
2874,20110607,0.0
2875,20110608,0.0
2876,20110609,0.0
2877,20110610,0.0
2878,20110613,0.0
2879,20110614,0.0
2880,20110615,0.0
2881,20110616,0.0
2882,20110617,0.0
2883,20110620,0.0
2884,20110621,0.0
2885,20110622,0.0
2886,20110623,0.0
2887,20110624,0.0
2888,20110627,0.0
2889,20110628,0.0
2890,20110629,0.0
2891,20110630,0.0
2892,20110701,0.0
2893,20110705,0.0
2894,20110706,0.0
2895,20110707,0.0
2896,20110708,0.0
2897,20110711,0.0
2898,20110712,0.0
2899,20110713,0.0
2900,20110714,0.0
2901,20110715,0.0
2902,20110718,0.0
2903,20110719,0.0
2904,20110720,0.0
2905,20110721,0.0
2906,20110722,0.0
2907,20110725,0.0
2908,20110726,0.0
2909,20110727,0.0
2910,20110728,0.0
2911,20110729,0.0
2912,20110801,0.0
2913,20110802,0.0
2914,20110803,0.0
2915,20110804,0.0
2916,20110805,0.0
2917,20110808,0.0
2918,20110809,0.0
2919,20110810,0.0
2920,20110811,0.0
2921,20110812,0.0
2922,20110815,0.0
2923,20110816,0.0
2924,20110817,0.0
2925,20110818,0.0
2926,20110819,0.0
2927,20110822,0.0
2928,20110823,0.0
2929,20110824,0.0
2930,20110825,0.0
2931,20110826,0.0
2932,20110829,0.0
2933,20110830,0.0
2934,20110831,0.0
2935,20110901,0.0
2936,20110902,0.0
2937,20110906,0.0
2938,20110907,0.0
2939,20110908,0.0
2940,20110909,0.0
2941,20110912,0.0
2942,20110913,0.0
2943,20110914,0.0
2944,20110915,0.0
2945,20110916,0.0
2946,20110919,0.0
2947,20110920,0.0
2948,20110921,0.0
2949,20110922,0.0
2950,20110923,0.0
2951,20110926,0.0
2952,20110927,0.0
2953,20110928,0.0
2954,20110929,0.0
2955,20110930,0.0
2956,20111003,0.0
2957,20111004,0.0
2958,20111005,0.0
2959,20111006,0.0
2960,20111007,0.0
2961,20111010,0.0
2962,20111011,0.0
2963,20111012,0.0
2964,20111013,0.0
2965,20111014,0.0
2966,20111017,0.0
2967,20111018,0.0
2968,20111019,0.0
2969,20111020,0.0
2970,20111021,0.0
2971,20111024,0.0
2972,20111025,0.0
2973,20111026,0.0
2974,20111027,0.0
2975,20111028,0.0
2976,20111031,0.0
2977,20111101,0.0
2978,20111102,0.0
2979,20111103,0.0
2980,20111104,0.0
2981,20111107,0.0
2982,20111108,0.0
2983,20111109,0.0
2984,20111110,0.0
2985,20111111,0.0
2986,20111114,0.0
2987,20111115,0.0
2988,20111116,0.0
2989,20111117,0.0
2990,20111118,0.0
2991,20111121,0.0
2992,20111122,0.0
2993,20111123,0.0
2994,20111125,0.0
2995,20111128,0.0
2996,20111129,0.0
2997,20111130,0.0
2998,20111201,0.0
2999,20111202,0.0
3000,20111205,0.0
3001,20111206,0.0
3002,20111207,0.0
3003,20111208,0.0
3004,20111209,0.0
3005,20111212,0.0
3006,20111213,0.0
3007,20111214,0.0
3008,20111215,0.0
3009,20111216,0.0
3010,20111219,0.0
3011,20111220,0.0
3012,20111221,0.0
3013,20111222,0.0
3014,20111223,0.0
3015,20111227,0.0
3016,20111228,0.0
3017,20111229,0.0
3018,20111230,0.0
3019,20120103,0.0
3020,20120104,0.0
3021,20120105,0.0
3022,20120106,0.0
3023,20120109,0.0
3024,20120110,0.0
3025,20120111,0.0
3026,20120112,0.0
3027,20120113,0.0
3028,20120117,0.0
3029,20120118,0.0
3030,20120119,0.0
3031,20120120,0.0
3032,20120123,0.0
3033,20120124,0.0
3034,20120125,0.0
3035,20120126,0.0
3036,20120127,0.0
3037,20120130,0.0
3038,20120131,0.0
3039,20120201,0.0
3040,20120202,0.0
3041,20120203,0.0
3042,20120206,0.0
3043,20120207,0.0
3044,20120208,0.0
3045,20120209,0.0
3046,20120210,0.0
3047,20120213,0.0
3048,20120214,0.0
3049,20120215,0.0
3050,20120216,0.0
3051,20120217,0.0
3052,20120221,0.0
3053,20120222,0.0
3054,20120223,0.0
3055,20120224,0.0
3056,20120227,0.0
3057,20120228,0.0
3058,20120229,0.0
3059,20120301,0.0
3060,20120302,0.0
3061,20120305,0.0
3062,20120306,0.0
3063,20120307,0.0
3064,20120308,0.0
3065,20120309,0.0
3066,20120312,0.0
3067,20120313,0.0
3068,20120314,0.0
3069,20120315,0.0
3070,20120316,0.0
3071,20120319,0.0
3072,20120320,0.0
3073,20120321,0.0
3074,20120322,0.0
3075,20120323,0.0
3076,20120326,0.0
3077,20120327,0.0
3078,20120328,0.0
3079,20120329,0.0
3080,20120330,0.0
3081,20120402,0.0
3082,20120403,0.0
3083,20120404,0.0
3084,20120405,0.0
3085,20120409,0.0
3086,20120410,0.0
3087,20120411,0.0
3088,20120412,0.0
3089,20120413,0.0
3090,20120416,0.0
3091,20120417,0.0
3092,20120418,0.0
3093,20120419,0.0
3094,20120420,0.0
3095,20120423,0.0
3096,20120424,0.0
3097,20120425,0.0
3098,20120426,0.0
3099,20120427,0.0
3100,20120430,0.0
3101,20120501,0.0
3102,20120502,0.0
3103,20120503,0.0
3104,20120504,0.0
3105,20120507,0.0
3106,20120508,0.0
3107,20120509,0.0
3108,20120510,0.0
3109,20120511,0.0
3110,20120514,0.0
3111,20120515,0.0
3112,20120516,0.0
3113,20120517,0.0
3114,20120518,0.0
3115,20120521,0.0
3116,20120522,0.0
3117,20120523,0.0
3118,20120524,0.0
3119,20120525,0.0
3120,20120529,0.0
3121,20120530,0.0
3122,20120531,0.0
3123,20120601,0.0
3124,20120604,0.0
3125,20120605,0.0
3126,20120606,0.0
3127,20120607,0.0
3128,20120608,0.0
3129,20120611,0.0
3130,20120612,0.0
3131,20120613,0.0
3132,20120614,0.0
3133,20120615,0.0
3134,20120618,0.0
3135,20120619,0.0
3136,20120620,0.0
3137,20120621,0.0
3138,20120622,0.0
3139,20120625,0.0
3140,20120626,0.0
3141,20120627,0.0
3142,20120628,0.0
3143,20120629,0.0
3144,20120702,0.0
3145,20120703,0.0
3146,20120705,0.0
3147,20120706,0.0
3148,20120709,0.0
3149,20120710,0.0
3150,20120711,0.0
3151,20120712,0.0
3152,20120713,0.0
3153,20120716,0.0
3154,20120717,0.0
3155,20120718,0.0
3156,20120719,0.0
3157,20120720,0.0
3158,20120723,0.0
3159,20120724,0.0
3160,20120725,0.0
3161,20120726,0.0
3162,20120727,0.0
3163,20120730,0.0
3164,20120731,0.0
3165,20120801,0.0
3166,20120802,0.0
3167,20120803,0.0
3168,20120806,0.0
3169,20120807,0.0
3170,20120808,0.0
3171,20120809,0.0
3172,20120810,0.0
3173,20120813,0.0
3174,20120814,0.0
3175,20120815,0.0
3176,20120816,0.0
3177,20120817,0.0
3178,20120820,0.0
3179,20120821,0.0
3180,20120822,0.0
3181,20120823,0.0
3182,20120824,0.0
3183,20120827,0.0
3184,20120828,0.0
3185,20120829,0.0
3186,20120830,0.0
3187,20120831,0.0
3188,20120904,0.0
3189,20120905,0.0
3190,20120906,0.0
3191,20120907,0.0
3192,20120910,0.0
3193,20120911,0.0
3194,20120912,0.0
3195,20120913,0.0
3196,20120914,0.0
3197,20120917,0.0
3198,20120918,0.0
3199,20120919,0.0
3200,20120920,0.0
3201,20120921,0.0
3202,20120924,0.0
3203,20120925,0.0
3204,20120926,0.0
3205,20120927,0.0
3206,20120928,0.0
3207,20121001,0.0
3208,20121002,0.0
3209,20121003,0.0
3210,20121004,0.0
3211,20121005,0.0
3212,20121008,0.0
3213,20121009,0.0
3214,20121010,0.0
3215,20121011,0.0
3216,20121012,0.0
3217,20121015,0.0
3218,20121016,0.0
3219,20121017,0.0
3220,20121018,0.0
3221,20121019,0.0
3222,20121022,0.0
3223,20121023,0.0
3224,20121024,0.0
3225,20121025,0.0
3226,20121026,0.0
3227,20121031,0.0
3228,20121101,0.0
3229,20121102,0.0
3230,20121105,0.0
3231,20121106,0.0
3232,20121107,0.0
3233,20121108,0.0
3234,20121109,0.0
3235,20121112,0.0
3236,20121113,0.0
3237,20121114,0.0
3238,20121115,0.0
3239,20121116,0.0
3240,20121119,0.0
3241,20121120,0.0
3242,20121121,0.0
3243,20121123,0.0
3244,20121126,0.0
3245,20121127,0.0
3246,20121128,0.0
3247,20121129,0.0
3248,20121130,0.0
3249,20121203,0.0
3250,20121204,0.0
3251,20121205,0.0
3252,20121206,0.0
3253,20121207,0.0
3254,20121210,0.0
3255,20121211,0.0
3256,20121212,0.0
3257,20121213,0.0
3258,20121214,0.0
3259,20121217,0.0
3260,20121218,0.0
3261,20121219,0.0
3262,20121220,0.0
3263,20121221,0.0
3264,20121224,0.0
3265,20121226,0.0
3266,20121227,0.0
3267,20121228,0.0
3268,20121231,0.0
3269,20130102,0.0
3270,20130103,0.0
3271,20130104,0.0
3272,20130107,0.0
3273,20130108,0.0
3274,20130109,0.0
3275,20130110,0.0
3276,20130111,0.0
3277,20130114,0.0
3278,20130115,0.0
3279,20130116,0.0
3280,20130117,0.0
3281,20130118,0.0
3282,20130122,0.0
3283,20130123,0.0
3284,20130124,0.0
3285,20130125,0.0
3286,20130128,0.0
3287,20130129,0.0
3288,20130130,0.0
3289,20130131,0.0
3290,20130201,0.0
3291,20130204,0.0
3292,20130205,0.0
3293,20130206,0.0
3294,20130207,0.0
3295,20130208,0.0
3296,20130211,0.0
3297,20130212,0.0
3298,20130213,0.0
3299,20130214,0.0
3300,20130215,0.0
3301,20130219,0.0
3302,20130220,0.0
3303,20130221,0.0
3304,20130222,0.0
3305,20130225,0.0
3306,20130226,0.0
3307,20130227,0.0
3308,20130228,0.0
3309,20130301,0.0
3310,20130304,0.0
3311,20130305,0.0
3312,20130306,0.0
3313,20130307,0.0
3314,20130308,0.0
3315,20130311,0.0
3316,20130312,0.0
3317,20130313,0.0
3318,20130314,0.0
3319,20130315,0.0
3320,20130318,0.0
3321,20130319,0.0
3322,20130320,0.0
3323,20130321,0.0
3324,20130322,0.0
3325,20130325,0.0
3326,20130326,0.0
3327,20130327,0.0
3328,20130328,0.0
3329,20130401,0.0
3330,20130402,0.0
3331,20130403,0.0
3332,20130404,0.0
3333,20130405,0.0
3334,20130408,0.0
3335,20130409,0.0
3336,20130410,0.0
3337,20130411,0.0
3338,20130412,0.0
3339,20130415,0.0
3340,20130416,0.0
3341,20130417,0.0
3342,20130418,0.0
3343,20130419,0.0
3344,20130422,0.0
3345,20130423,0.0
3346,20130424,0.0
3347,20130425,0.0
3348,20130426,0.0
3349,20130429,0.0
3350,20130430,0.0
3351,20130501,0.0
3352,20130502,0.0
3353,20130503,0.0
3354,20130506,0.0
3355,20130507,0.0
3356,20130508,0.0
3357,20130509,0.0
3358,20130510,0.0
3359,20130513,0.0
3360,20130514,0.0
3361,20130515,0.0
3362,20130516,0.0
3363,20130517,0.0
3364,20130520,0.0
3365,20130521,0.0
3366,20130522,0.0
3367,20130523,0.0
3368,20130524,0.0
3369,20130528,0.0
3370,20130529,0.0
3371,20130530,0.0
3372,20130531,0.0
3373,20130603,0.0
3374,20130604,0.0
3375,20130605,0.0
3376,20130606,0.0
3377,20130607,0.0
3378,20130610,0.0
3379,20130611,0.0
3380,20130612,0.0
3381,20130613,0.0
3382,20130614,0.0
3383,20130617,0.0
3384,20130618,0.0
3385,20130619,0.0
3386,20130620,0.0
3387,20130621,0.0
3388,20130624,0.0
3389,20130625,0.0
3390,20130626,0.0
3391,20130627,0.0
3392,20130628,0.0
3393,20130701,0.0
3394,20130702,0.0
3395,20130703,0.0
3396,20130705,0.0
3397,20130708,0.0
3398,20130709,0.0
3399,20130710,0.0
3400,20130711,0.0
3401,20130712,0.0
3402,20130715,0.0
3403,20130716,0.0
3404,20130717,0.0
3405,20130718,0.0
3406,20130719,0.0
3407,20130722,0.0
3408,20130723,0.0
3409,20130724,0.0
3410,20130725,0.0
3411,20130726,0.0
3412,20130729,0.0
3413,20130730,0.0
3414,20130731,0.0
3415,20130801,0.0
3416,20130802,0.0
3417,20130805,0.0
3418,20130806,0.0
3419,20130807,0.0
3420,20130808,0.0
3421,20130809,0.0
3422,20130812,0.0
3423,20130813,0.0
3424,20130814,0.0
3425,20130815,0.0
3426,20130816,0.0
3427,20130819,0.0
3428,20130820,0.0
3429,20130821,0.0
3430,20130822,0.0
3431,20130823,0.0
3432,20130826,0.0
3433,20130827,0.0
3434,20130828,0.0
3435,20130829,0.0
3436,20130830,0.0
3437,20130903,0.0
3438,20130904,0.0
3439,20130905,0.0
3440,20130906,0.0
3441,20130909,0.0
3442,20130910,0.0
3443,20130911,0.0
3444,20130912,0.0
3445,20130913,0.0
3446,20130916,0.0
3447,20130917,0.0
3448,20130918,0.0
3449,20130919,0.0
3450,20130920,0.0
3451,20130923,0.0
3452,20130924,0.0
3453,20130925,0.0
3454,20130926,0.0
3455,20130927,0.0
3456,20130930,0.0
3457,20131001,0.0
3458,20131002,0.0
3459,20131003,0.0
3460,20131004,0.0
3461,20131007,0.0
3462,20131008,0.0
3463,20131009,0.0
3464,20131010,0.0
3465,20131011,0.0
3466,20131014,0.0
3467,20131015,0.0
3468,20131016,0.0
3469,20131017,0.0
3470,20131018,0.0
3471,20131021,0.0
3472,20131022,0.0
3473,20131023,0.0
3474,20131024,0.0
3475,20131025,0.0
3476,20131028,0.0
3477,20131029,0.0
3478,20131030,0.0
3479,20131031,0.0
3480,20131101,0.0
3481,20131104,0.0
3482,20131105,0.0
3483,20131106,0.0
3484,20131107,0.0
3485,20131108,0.0
3486,20131111,0.0
3487,20131112,0.0
3488,20131113,0.0
3489,20131114,0.0
3490,20131115,0.0
3491,20131118,0.0
3492,20131119,0.0
3493,20131120,0.0
3494,20131121,0.0
3495,20131122,0.0
3496,20131125,0.0
3497,20131126,0.0
3498,20131127,0.0
3499,20131129,0.0
3500,20131202,0.0
3501,20131203,0.0
3502,20131204,0.0
3503,20131205,0.0
3504,20131206,0.0
3505,20131209,0.0
3506,20131210,0.0
3507,20131211,0.0
3508,20131212,0.0
3509,20131213,0.0
3510,20131216,0.0
3511,20131217,0.0
3512,20131218,0.0
3513,20131219,0.0
3514,20131220,0.0
3515,20131223,0.0
3516,20131224,0.0
3517,20131226,0.0
3518,20131227,0.0
3519,20131230,0.0
3520,20131231,0.0
3521,20140102,0.0
3522,20140103,0.0
3523,20140106,0.0
3524,20140107,0.0
3525,20140108,0.0
3526,20140109,0.0
3527,20140110,0.0
3528,20140113,0.0
3529,20140114,0.0
3530,20140115,0.0
3531,20140116,0.0
3532,20140117,0.0
3533,20140121,0.0
3534,20140122,0.0
3535,20140123,0.0
3536,20140124,0.0
3537,20140127,0.0
3538,20140128,0.0
3539,20140129,0.0
3540,20140130,0.0
3541,20140131,0.0
3542,20140203,0.0
3543,20140204,0.0
3544,20140205,0.0
3545,20140206,0.0
3546,20140207,0.0
3547,20140210,0.0
3548,20140211,0.0
3549,20140212,0.0
3550,20140213,0.0
3551,20140214,0.0
3552,20140218,0.0
3553,20140219,0.0
3554,20140220,0.0
3555,20140221,0.0
3556,20140224,0.0
3557,20140225,0.0
3558,20140226,0.0
3559,20140227,0.0
3560,20140228,0.0
3561,20140303,0.0
3562,20140304,0.0
3563,20140305,0.0
3564,20140306,0.0
3565,20140307,0.0
3566,20140310,0.0
3567,20140311,0.0
3568,20140312,0.0
3569,20140313,0.0
3570,20140314,0.0
3571,20140317,0.0
3572,20140318,0.0
3573,20140319,0.0
3574,20140320,0.0
3575,20140321,0.0
3576,20140324,0.0
3577,20140325,0.0
3578,20140326,0.0
3579,20140327,0.0
3580,20140328,0.0
3581,20140331,0.0
3582,20140401,0.0
3583,20140402,0.0
3584,20140403,0.0
3585,20140404,0.0
3586,20140407,0.0
3587,20140408,0.0
3588,20140409,0.0
3589,20140410,0.0
3590,20140411,0.0
3591,20140414,0.0
3592,20140415,0.0
3593,20140416,0.0
3594,20140417,0.0
3595,20140421,0.0
3596,20140422,0.0
3597,20140423,0.0
3598,20140424,0.0
3599,20140425,0.0
3600,20140428,0.0
3601,20140429,0.0
3602,20140430,0.0
3603,20140501,0.0
3604,20140502,0.0
3605,20140505,0.0
3606,20140506,0.0
3607,20140507,0.0
3608,20140508,0.0
3609,20140509,0.0
3610,20140512,0.0
3611,20140513,0.0
3612,20140514,0.0
3613,20140515,0.0
3614,20140516,0.0
3615,20140519,0.0
3616,20140520,0.0
3617,20140521,0.0
3618,20140522,0.0
3619,20140523,0.0
3620,20140527,0.0
3621,20140528,0.0
3622,20140529,0.0
3623,20140530,0.0
3624,20140602,0.0
3625,20140603,0.0
3626,20140604,0.0
3627,20140605,0.0
3628,20140606,0.0
3629,20140609,0.0
3630,20140610,0.0
3631,20140611,0.0
3632,20140612,0.0
3633,20140613,0.0
3634,20140616,0.0
3635,20140617,0.0
3636,20140618,0.0
3637,20140619,0.0
3638,20140620,0.0
3639,20140623,0.0
3640,20140624,0.0
3641,20140625,0.0
3642,20140626,0.0
3643,20140627,0.0
3644,20140630,0.0
3645,20140701,0.0
3646,20140702,0.0
3647,20140703,0.0
3648,20140707,0.0
3649,20140708,0.0
3650,20140709,0.0
3651,20140710,0.0
3652,20140711,0.0
3653,20140714,0.0
3654,20140715,0.0
3655,20140716,0.0
3656,20140717,0.0
3657,20140718,0.0
3658,20140721,0.0
3659,20140722,0.0
3660,20140723,0.0
3661,20140724,0.0
3662,20140725,0.0
3663,20140728,0.0
3664,20140729,0.0
3665,20140730,0.0
3666,20140731,0.0
3667,20140801,0.0
3668,20140804,0.0
3669,20140805,0.0
3670,20140806,0.0
3671,20140807,0.0
3672,20140808,0.0
3673,20140811,0.0
3674,20140812,0.0
3675,20140813,0.0
3676,20140814,0.0
3677,20140815,0.0
3678,20140818,0.0
3679,20140819,0.0
3680,20140820,0.0
3681,20140821,0.0
3682,20140822,0.0
3683,20140825,0.0
3684,20140826,0.0
3685,20140827,0.0
3686,20140828,0.0
3687,20140829,0.0
3688,20140902,0.0
3689,20140903,0.0
3690,20140904,0.0
3691,20140905,0.0
3692,20140908,0.0
3693,20140909,0.0
3694,20140910,0.0
3695,20140911,0.0
3696,20140912,0.0
3697,20140915,0.0
3698,20140916,0.0
3699,20140917,0.0
3700,20140918,0.0
3701,20140919,0.0
3702,20140922,0.0
3703,20140923,0.0
3704,20140924,0.0
3705,20140925,0.0
3706,20140926,0.0
3707,20140929,0.0
3708,20140930,0.0
3709,20141001,0.0
3710,20141002,0.0
3711,20141003,0.0
3712,20141006,0.0
3713,20141007,0.0
3714,20141008,0.0
3715,20141009,0.0
3716,20141010,0.0
3717,20141013,0.0
3718,20141014,0.0
3719,20141015,0.0
3720,20141016,0.0
3721,20141017,0.0
3722,20141020,0.0
3723,20141021,0.0
3724,20141022,0.0
3725,20141023,0.0
3726,20141024,0.0
3727,20141027,0.0
3728,20141028,0.0
3729,20141029,0.0
3730,20141030,0.0
3731,20141031,0.0
3732,20141103,0.0
3733,20141104,0.0
3734,20141105,0.0
3735,20141106,0.0
3736,20141107,0.0
3737,20141110,0.0
3738,20141111,0.0
3739,20141112,0.0
3740,20141113,0.0
3741,20141114,0.0
3742,20141117,0.0
3743,20141118,0.0
3744,20141119,0.0
3745,20141120,0.0
3746,20141121,0.0
3747,20141124,0.0
3748,20141125,0.0
3749,20141126,0.0
3750,20141128,0.0
3751,20141201,0.0
3752,20141202,0.0
3753,20141203,0.0
3754,20141204,0.0
3755,20141205,0.0
3756,20141208,0.0
3757,20141209,0.0
3758,20141210,0.0
3759,20141211,0.0
3760,20141212,0.0
3761,20141215,0.0
3762,20141216,0.0
3763,20141217,0.0
3764,20141218,0.0
3765,20141219,0.0
3766,20141222,0.0
3767,20141223,0.0
3768,20141224,0.0
3769,20141226,0.0
3770,20141229,0.0
3771,20141230,0.0
3772,20141231,0.0
3773,20150102,0.0
3774,20150105,0.0
3775,20150106,0.0
3776,20150107,0.0
3777,20150108,0.0
3778,20150109,0.0
3779,20150112,0.0
3780,20150113,0.0
3781,20150114,0.0
3782,20150115,0.0
3783,20150116,0.0
3784,20150120,0.0
3785,20150121,0.0
3786,20150122,0.0
3787,20150123,0.0
3788,20150126,0.0
3789,20150127,0.0
3790,20150128,0.0
3791,20150129,0.0
3792,20150130,0.0
3793,20150202,0.0
3794,20150203,0.0
3795,20150204,0.0
3796,20150205,0.0
3797,20150206,0.0
3798,20150209,0.0
3799,20150210,0.0
3800,20150211,0.0
3801,20150212,0.0
3802,20150213,0.0
3803,20150217,0.0
3804,20150218,0.0
3805,20150219,0.0
3806,20150220,0.0
3807,20150223,0.0
3808,20150224,0.0
3809,20150225,0.0
3810,20150226,0.0
3811,20150227,0.0
3812,20150302,0.0
3813,20150303,0.0
3814,20150304,0.0
3815,20150305,0.0
3816,20150306,0.0
3817,20150309,0.0
3818,20150310,0.0
3819,20150311,0.0
3820,20150312,0.0
3821,20150313,0.0
3822,20150316,0.0
3823,20150317,0.0
3824,20150318,0.0
3825,20150319,0.0
3826,20150320,0.0
3827,20150323,0.0
3828,20150324,0.0
3829,20150325,0.0
3830,20150326,0.0
3831,20150327,0.0
3832,20150330,0.0
3833,20150331,0.0
3834,20150401,0.0
3835,20150402,0.0
3836,20150406,0.0
3837,20150407,0.0
3838,20150408,0.0
3839,20150409,0.0
3840,20150410,0.0
3841,20150413,0.0
3842,20150414,0.0
3843,20150415,0.0
3844,20150416,0.0
3845,20150417,0.0
3846,20150420,0.0
3847,20150421,0.0
3848,20150422,0.0
3849,20150423,0.0
3850,20150424,0.0
3851,20150427,0.0
3852,20150428,0.0
3853,20150429,0.0
3854,20150430,0.0
3855,20150501,0.0
3856,20150504,0.0
3857,20150505,0.0
3858,20150506,0.0
3859,20150507,0.0
3860,20150508,0.0
3861,20150511,0.0
3862,20150512,0.0
3863,20150513,0.0
3864,20150514,0.0
3865,20150515,0.0
3866,20150518,0.0
3867,20150519,0.0
3868,20150520,0.0
3869,20150521,0.0
3870,20150522,0.0
3871,20150526,0.0
3872,20150527,0.0
3873,20150528,0.0
3874,20150529,0.0
3875,20150601,0.0
3876,20150602,0.0
3877,20150603,0.0
3878,20150604,0.0
3879,20150605,0.0
3880,20150608,0.0
3881,20150609,0.0
3882,20150610,0.0
3883,20150611,0.0
3884,20150612,0.0
3885,20150615,0.0
3886,20150616,0.0
3887,20150617,0.0
3888,20150618,0.0
3889,20150619,0.0
3890,20150622,0.0
3891,20150623,0.0
3892,20150624,0.0
3893,20150625,0.0
3894,20150626,0.0
3895,20150629,0.0
3896,20150630,0.0
3897,20150701,0.0
3898,20150702,0.0
3899,20150706,0.0
3900,20150707,0.0
3901,20150708,0.0
3902,20150709,0.0
3903,20150710,0.0
3904,20150713,0.0
3905,20150714,0.0
3906,20150715,0.0
3907,20150716,0.0
3908,20150717,0.0
3909,20150720,0.0
3910,20150721,0.0
3911,20150722,0.0
3912,20150723,0.0
3913,20150724,0.0
3914,20150727,0.0
3915,20150728,0.0
3916,20150729,0.0
3917,20150730,0.0
3918,20150731,0.0
3919,20150803,0.0
3920,20150804,0.0
3921,20150805,0.0
3922,20150806,0.0
3923,20150807,0.0
3924,20150810,0.0
3925,20150811,0.0
3926,20150812,0.0
3927,20150813,0.0
3928,20150814,0.0
3929,20150817,0.0
3930,20150818,0.0
3931,20150819,0.0
3932,20150820,0.0
3933,20150821,0.0
3934,20150824,0.0
3935,20150825,0.0
3936,20150826,0.0
3937,20150827,0.0
3938,20150828,0.0
3939,20150831,0.0
3940,20150901,0.0
3941,20150902,0.0
3942,20150903,0.0
3943,20150904,0.0
3944,20150908,0.0
3945,20150909,0.0
3946,20150910,0.0
3947,20150911,0.0
3948,20150914,0.0
3949,20150915,0.0
3950,20150916,0.0
3951,20150917,0.0
3952,20150918,0.0
3953,20150921,0.0
3954,20150922,0.0
3955,20150923,0.0
3956,20150924,0.0
3957,20150925,0.0
3958,20150928,0.0
3959,20150929,0.0
3960,20150930,0.0
3961,20151001,0.0
3962,20151002,0.0
3963,20151005,0.0
3964,20151006,0.0
3965,20151007,0.0
3966,20151008,0.0
3967,20151009,0.0
3968,20151012,0.0
3969,20151013,0.0
3970,20151014,0.0
3971,20151015,0.0
3972,20151016,0.0
3973,20151019,0.0
3974,20151020,0.0
3975,20151021,0.0
3976,20151022,0.0
3977,20151023,0.0
3978,20151026,0.0
3979,20151027,0.0
3980,20151028,0.0
3981,20151029,0.0
3982,20151030,0.0
3983,20151102,0.0
3984,20151103,0.0
3985,20151104,0.0
3986,20151105,0.0
3987,20151106,0.0
3988,20151109,0.0
3989,20151110,0.0
3990,20151111,0.0
3991,20151112,0.0
3992,20151113,0.0
3993,20151116,0.0
3994,20151117,0.0
3995,20151118,0.0
3996,20151119,0.0
3997,20151120,0.0
3998,20151123,0.0
3999,20151124,0.0
4000,20151125,0.0
4001,20151127,0.0
4002,20151130,0.0
4003,20151201,0.0
4004,20151202,0.0
4005,20151203,0.0
4006,20151204,0.0
4007,20151207,0.0
4008,20151208,0.0
4009,20151209,0.0
4010,20151210,0.0
4011,20151211,0.0
4012,20151214,0.0
4013,20151215,0.0
4014,20151216,0.0
4015,20151217,0.0
4016,20151218,0.0
4017,20151221,0.0
4018,20151222,0.0
4019,20151223,0.0
4020,20151224,0.0
4021,20151228,0.0
4022,20151229,0.0
4023,20151230,0.0
4024,20151231,0.0
4025,20160104,0.0
4026,20160105,0.0
4027,20160106,0.0
4028,20160107,0.0
4029,20160108,0.0
4030,20160111,0.0
4031,20160112,0.0
4032,20160113,0.0
4033,20160114,0.0
4034,20160115,0.0
4035,20160119,0.0
4036,20160120,0.0
4037,20160121,0.0
4038,20160122,0.0
4039,20160125,0.0
4040,20160126,0.0
4041,20160127,0.0
4042,20160128,0.0
4043,20160129,0.0
4044,20160201,0.0
4045,20160202,0.0
4046,20160203,0.0
4047,20160204,0.0
4048,20160205,0.0
4049,20160208,0.0
4050,20160209,0.0
4051,20160210,0.0
4052,20160211,0.0
4053,20160212,0.0
4054,20160216,0.0
4055,20160217,0.0
4056,20160218,0.0
4057,20160219,0.0
4058,20160222,0.0
4059,20160223,0.0
4060,20160224,0.0
4061,20160225,0.0
4062,20160226,0.0
4063,20160229,0.0
4064,20160301,0.0
4065,20160302,0.0
4066,20160303,0.0
4067,20160304,0.0
4068,20160307,0.0
4069,20160308,0.0
4070,20160309,0.0
4071,20160310,0.0
4072,20160311,0.0
4073,20160314,0.0
4074,20160315,0.0
4075,20160316,0.0
4076,20160317,0.0
4077,20160318,0.0
4078,20160321,0.0
4079,20160322,0.0
4080,20160323,0.0
4081,20160324,0.0
4082,20160328,0.0
4083,20160329,0.0
4084,20160330,0.0
4085,20160331,0.0
4086,20160401,0.0
4087,20160404,0.0
4088,20160405,0.0
4089,20160406,0.0
4090,20160407,0.0
4091,20160408,0.0
4092,20160411,0.0
4093,20160412,0.0
4094,20160413,0.0
4095,20160414,0.0
4096,20160415,0.0
4097,20160418,0.0
4098,20160419,0.0
4099,20160420,0.0
4100,20160421,0.0
4101,20160422,0.0
4102,20160425,0.0
4103,20160426,0.0
4104,20160427,0.0
4105,20160428,0.0
4106,20160429,0.0
4107,20160502,0.0
4108,20160503,0.0
4109,20160504,0.0
4110,20160505,0.0
4111,20160506,0.0
4112,20160509,0.0
4113,20160510,0.0
4114,20160511,0.0
4115,20160512,0.0
4116,20160513,0.0
4117,20160516,0.0
4118,20160517,0.0
4119,20160518,0.0
4120,20160519,0.0
4121,20160520,0.0
4122,20160523,0.0
4123,20160524,0.0
4124,20160525,0.0
4125,20160526,0.0
4126,20160527,0.0
4127,20160531,0.0
4128,20160601,0.0
4129,20160602,0.0
4130,20160603,0.0
4131,20160606,0.0
4132,20160607,0.0
4133,20160608,0.0
4134,20160609,0.0
4135,20160610,0.0
4136,20160613,0.0
4137,20160614,0.0
4138,20160615,0.0
4139,20160616,0.0
4140,20160617,0.0
4141,20160620,0.0
4142,20160621,0.0
4143,20160622,0.0
4144,20160623,0.0
4145,20160624,0.0
4146,20160627,0.0
4147,20160628,0.0
4148,20160629,0.0
4149,20160630,0.0
4150,20160701,0.0
4151,20160705,0.0
4152,20160706,0.0
4153,20160707,0.0
4154,20160708,0.0
4155,20160711,0.0
4156,20160712,0.0
4157,20160713,0.0
4158,20160714,0.0
4159,20160715,0.0
4160,20160718,0.0
4161,20160719,0.0
4162,20160720,0.0
4163,20160721,0.0
4164,20160722,0.0
4165,20160725,0.0
4166,20160726,0.0
4167,20160727,0.0
4168,20160728,0.0
4169,20160729,0.0
4170,20160801,0.0
4171,20160802,0.0
4172,20160803,0.0
4173,20160804,0.0
4174,20160805,0.0
4175,20160808,0.0
4176,20160809,0.0
4177,20160810,0.0
4178,20160811,0.0
4179,20160812,0.0
4180,20160815,0.0
4181,20160816,0.0
4182,20160817,0.0
4183,20160818,0.0
4184,20160819,0.0
4185,20160822,0.0
4186,20160823,0.0
4187,20160824,0.0
4188,20160825,0.0
4189,20160826,0.0
4190,20160829,0.0
4191,20160830,0.0
4192,20160831,0.0
4193,20160901,0.0
4194,20160902,0.0
4195,20160906,0.0
4196,20160907,0.0
4197,20160908,0.0
4198,20160909,0.0
4199,20160912,0.0
4200,20160913,0.0
4201,20160914,0.0
4202,20160915,0.0
4203,20160916,0.0
4204,20160919,0.0
4205,20160920,0.0
4206,20160921,0.0
4207,20160922,0.0
4208,20160923,0.0
4209,20160926,0.0
4210,20160927,0.0
4211,20160928,0.0
4212,20160929,0.0
4213,20160930,0.0
4214,20161003,0.0
4215,20161004,0.0
4216,20161005,0.0
4217,20161006,0.0
4218,20161007,0.0
4219,20161010,0.0
4220,20161011,0.0
4221,20161012,0.0
4222,20161013,0.0
4223,20161014,0.0
4224,20161017,0.0
4225,20161018,0.0
4226,20161019,0.0
4227,20161020,0.0
4228,20161021,0.0
4229,20161024,0.0
4230,20161025,0.0
4231,20161026,0.0
4232,20161027,0.0
4233,20161028,0.0
4234,20161031,0.0
4235,20161101,0.0
4236,20161102,0.0
4237,20161103,0.0
4238,20161104,0.0
4239,20161107,0.0
4240,20161108,0.0
4241,20161109,0.0
4242,20161110,0.0
4243,20161111,0.0
4244,20161114,0.0
4245,20161115,0.0
4246,20161116,0.0
4247,20161117,0.0
4248,20161118,0.0
4249,20161121,0.0
4250,20161122,0.0
4251,20161123,0.0
4252,20161125,0.0
4253,20161128,0.0
4254,20161129,0.0
4255,20161130,0.0
4256,20161201,0.0
4257,20161202,0.0
4258,20161205,0.0
4259,20161206,0.0
4260,20161207,0.0
4261,20161208,0.0
4262,20161209,0.0
4263,20161212,0.0
4264,20161213,0.0
4265,20161214,0.0
4266,20161215,0.0
4267,20161216,0.0
4268,20161219,0.0
4269,20161220,0.0
4270,20161221,0.0
4271,20161222,0.0
4272,20161223,0.0
4273,20161227,0.0
4274,20161228,0.0
4275,20161229,0.0
4276,20161230,0.0
4277,20170103,0.0
4278,20170104,0.0
4279,20170105,0.0
4280,20170106,0.0
4281,20170109,0.0
4282,20170110,0.0
4283,20170111,0.0
4284,20170112,0.0
4285,20170113,0.0
4286,20170117,0.0
4287,20170118,0.0
4288,20170119,0.0
4289,20170120,0.0
4290,20170123,0.0
4291,20170124,0.0
4292,20170125,0.0
4293,20170126,0.0
4294,20170127,0.0
4295,20170130,0.0
4296,20170131,0.0
4297,20170201,0.0
4298,20170202,0.0
4299,20170203,0.0
4300,20170206,0.0
4301,20170207,0.0
4302,20170208,0.0
4303,20170209,0.0
4304,20170210,0.0
4305,20170213,0.0
4306,20170214,0.0
4307,20170215,0.0
4308,20170216,0.0
4309,20170217,0.0
4310,20170221,0.0
4311,20170222,0.0
4312,20170223,0.0
4313,20170224,0.0
4314,20170227,0.0
4315,20170228,0.0
4316,20170301,0.0
4317,20170302,0.0
4318,20170303,0.0
4319,20170306,0.0
4320,20170307,0.0
4321,20170308,0.0
4322,20170309,0.0
4323,20170310,0.0
4324,20170313,0.0
4325,20170314,0.0
4326,20170315,0.0
4327,20170316,0.0
4328,20170317,0.0
4329,20170320,0.0
4330,20170321,0.0
4331,20170322,0.0
4332,20170323,0.0
4333,20170324,0.0
4334,20170327,0.0
4335,20170328,0.0
4336,20170329,0.0
4337,20170330,0.0
4338,20170331,0.0
4339,20170403,0.0
4340,20170404,0.0
4341,20170405,0.0
4342,20170406,0.0
4343,20170407,0.0
4344,20170410,0.0
4345,20170411,0.0
4346,20170412,0.0
4347,20170413,0.0
4348,20170417,0.0
4349,20170418,0.0
4350,20170419,0.0
4351,20170420,0.0
4352,20170421,0.0
4353,20170424,0.0
4354,20170425,0.0
4355,20170426,0.0
4356,20170427,0.0
4357,20170428,0.0
4358,20170501,0.0
4359,20170502,0.0
4360,20170503,0.0
4361,20170504,0.0
4362,20170505,0.0
4363,20170508,0.0
4364,20170509,0.0
4365,20170510,0.0
4366,20170511,0.0
4367,20170512,0.0
4368,20170515,0.0
4369,20170516,0.0
4370,20170517,0.0
4371,20170518,0.0
4372,20170519,0.0
4373,20170522,0.0
4374,20170523,0.0
4375,20170524,0.0
4376,20170525,0.0
4377,20170526,0.0
4378,20170530,0.0
4379,20170531,0.0
4380,20170601,0.0
4381,20170602,0.0
4382,20170605,0.0
4383,20170606,0.0
4384,20170607,0.0
4385,20170608,0.0
4386,20170609,0.0
4387,20170612,0.0
4388,20170613,0.0
4389,20170614,0.0
4390,20170615,0.0
4391,20170616,0.0
4392,20170619,0.0
4393,20170620,0.0
4394,20170621,0.0
4395,20170622,0.0
4396,20170623,0.0
4397,20170626,0.0
4398,20170627,0.0
4399,20170628,0.0
4400,20170629,0.0
4401,20170630,0.0
4402,20170703,0.0
4403,20170705,0.0
4404,20170706,0.0
4405,20170707,0.0
4406,20170710,0.0
4407,20170711,0.0
4408,20170712,0.0
4409,20170713,0.0
4410,20170714,0.0
4411,20170717,0.0
4412,20170718,0.0
4413,20170719,0.0
4414,20170720,0.0
4415,20170721,0.0
4416,20170724,0.0
4417,20170725,0.0
4418,20170726,0.0
4419,20170727,0.0
4420,20170728,0.0
4421,20170731,0.0
4422,20170801,0.0
4423,20170802,0.0
4424,20170803,0.0
4425,20170804,0.0
4426,20170807,0.0
4427,20170808,0.0
4428,20170809,0.0
4429,20170810,0.0
4430,20170811,0.0
4431,20170814,0.0
4432,20170815,0.0
4433,20170816,0.0
4434,20170817,0.0
4435,20170818,0.0
4436,20170821,0.0
4437,20170822,0.0
4438,20170823,0.0
4439,20170824,0.0
4440,20170825,0.0
4441,20170828,0.0
4442,20170829,0.0
4443,20170830,0.0
4444,20170831,0.0
4445,20170901,0.0
4446,20170905,0.0
4447,20170906,0.0
4448,20170907,0.0
4449,20170908,0.0
4450,20170911,0.0
4451,20170912,0.0
4452,20170913,0.0
4453,20170914,0.0
4454,20170915,0.0
4455,20170918,0.0
4456,20170919,0.0
4457,20170920,0.0
4458,20170921,0.0
4459,20170922,0.0
4460,20170925,0.0
4461,20170926,0.0
4462,20170927,0.0
4463,20170928,0.0
4464,20170929,0.0
4465,20171002,0.0
4466,20171003,0.0
4467,20171004,0.0
4468,20171005,0.0
4469,20171006,0.0
4470,20171009,0.0
4471,20171010,0.0
4472,20171011,0.0
4473,20171012,0.0
4474,20171013,0.0
4475,20171016,0.0
4476,20171017,0.0
4477,20171018,0.0
4478,20171019,0.0
4479,20171020,0.0
4480,20171023,0.0
4481,20171024,0.0
4482,20171025,0.0
4483,20171026,0.0
4484,20171027,0.0
4485,20171030,0.0
4486,20171031,0.0
4487,20171101,0.0
4488,20171102,0.0
4489,20171103,0.0
4490,20171106,0.0
4491,20171107,0.0
4492,20171108,0.0
4493,20171109,0.0
4494,20171110,0.0
4495,20171113,0.0
4496,20171114,0.0
4497,20171115,0.0
4498,20171116,0.0
4499,20171117,0.0
4500,20171120,0.0
4501,20171121,0.0
4502,20171122,0.0
4503,20171124,0.0
4504,20171127,0.0
4505,20171128,0.0
4506,20171129,0.0
4507,20171130,0.0
4508,20171201,0.0
4509,20171204,0.0
4510,20171205,0.0
4511,20171206,0.0
4512,20171207,0.0
4513,20171208,0.0
4514,20171211,0.0
4515,20171212,0.0
4516,20171213,0.0
4517,20171214,0.0
4518,20171215,0.0
4519,20171218,0.0
4520,20171219,0.0
4521,20171220,0.0
4522,20171221,0.0
4523,20171222,0.0
4524,20171226,0.0
4525,20171227,0.0
4526,20171228,0.0
4527,20171229,0.0
4528,20180102,0.0
4529,20180103,0.0
4530,20180104,0.0
4531,20180105,0.0
4532,20180108,0.0
4533,20180109,0.0
4534,20180110,0.0
4535,20180111,0.0
4536,20180112,0.0
4537,20180116,0.0
4538,20180117,0.0
4539,20180118,0.0
4540,20180119,0.0
4541,20180122,0.0
4542,20180123,0.0
4543,20180124,0.0
4544,20180125,0.0
4545,20180126,0.0
4546,20180129,0.0
4547,20180130,0.0
4548,20180131,0.0
4549,20180201,0.0
4550,20180202,0.0
4551,20180205,0.0
4552,20180206,0.0
4553,20180207,0.0
4554,20180208,0.0
4555,20180209,0.0
4556,20180212,0.0
4557,20180213,0.0
4558,20180214,0.0
4559,20180215,0.0
4560,20180216,0.0
4561,20180220,0.0
4562,20180221,0.0
4563,20180222,0.0
4564,20180223,0.0
4565,20180226,0.0
4566,20180227,0.0
4567,20180228,0.0
4568,20180301,0.0
4569,20180302,0.0
4570,20180305,0.0
4571,20180306,0.0
4572,20180307,0.0
4573,20180308,0.0
4574,20180309,0.0
4575,20180312,0.0
4576,20180313,0.0
4577,20180314,0.0
4578,20180315,0.0
4579,20180316,0.0
4580,20180319,0.0
4581,20180320,0.0
4582,20180321,0.0
4583,20180322,0.0
4584,20180323,0.0
4585,20180326,0.0
4586,20180327,0.0
4587,20180328,0.0
4588,20180329,0.0
4589,20180402,0.0
4590,20180403,0.0
4591,20180404,0.0
4592,20180405,0.0
4593,20180406,0.0
4594,20180409,0.0
4595,20180410,0.0
4596,20180411,0.0
4597,20180412,0.0
4598,20180413,0.0
4599,20180416,0.0
4600,20180417,0.0
4601,20180418,0.0
4602,20180419,0.0
4603,20180420,0.0
4604,20180423,0.0
4605,20180424,0.0
4606,20180425,0.0
4607,20180426,0.0
4608,20180427,0.0
4609,20180430,0.0
4610,20180501,0.0
4611,20180502,0.0
4612,20180503,0.0
4613,20180504,0.0
4614,20180507,0.0
4615,20180508,0.0
4616,20180509,0.0
4617,20180510,0.0
4618,20180511,0.0
4619,20180514,0.0
4620,20180515,0.0
4621,20180516,0.0
4622,20180517,0.0
4623,20180518,0.0
4624,20180521,0.0
4625,20180522,0.0
4626,20180523,0.0
4627,20180524,0.0
4628,20180525,0.0
4629,20180529,0.0
4630,20180530,0.0
4631,20180531,0.0
4632,20180601,0.0
4633,20180604,0.0
4634,20180605,0.0
4635,20180606,0.0
4636,20180607,0.0
4637,20180608,0.0
4638,20180611,0.0
4639,20180612,0.0
4640,20180613,0.0
4641,20180614,0.0
4642,20180615,0.0
4643,20180618,0.0
4644,20180619,0.0
4645,20180620,0.0
4646,20180621,0.0
4647,20180622,0.0
4648,20180625,0.0
4649,20180626,0.0
4650,20180627,0.0
4651,20180628,0.0
4652,20180629,0.0
4653,20180702,0.0
4654,20180703,0.0
4655,20180705,0.0
4656,20180706,0.0
4657,20180709,0.0
4658,20180710,0.0
4659,20180711,0.0
4660,20180712,0.0
4661,20180713,0.0
4662,20180716,0.0
4663,20180717,0.0
4664,20180718,0.0
4665,20180719,0.0
4666,20180720,0.0
4667,20180723,0.0
4668,20180724,0.0
4669,20180725,0.0
4670,20180726,0.0
4671,20180727,0.0
4672,20180730,0.0
4673,20180731,0.0
4674,20180801,0.0
4675,20180802,0.0
4676,20180803,0.0
4677,20180806,0.0
4678,20180807,0.0
4679,20180808,0.0
4680,20180809,0.0
4681,20180810,0.0
4682,20180813,0.0
4683,20180814,0.0
4684,20180815,0.0
4685,20180816,0.0
4686,20180817,0.0
4687,20180820,0.0
4688,20180821,0.0
4689,20180822,0.0
4690,20180823,0.0
4691,20180824,0.0
4692,20180827,0.0
4693,20180828,0.0
4694,20180829,0.0
4695,20180830,0.0
4696,20180831,0.0
4697,20180904,0.0
4698,20180905,0.0
4699,20180906,0.0
4700,20180907,0.0
4701,20180910,0.0
4702,20180911,0.0
4703,20180912,0.0
4704,20180913,0.0
4705,20180914,0.0
4706,20180917,0.2193
4707,20180918,0.30715000000000003
4708,20180919,0.129475
4709,20180920,0.0717
4710,20180921,0.15158
